Topic,Document
0,No one has ever been able to consistently recreate how well Beckham could strike a ball. <br><br>We&#;ve seen players who are great and striking a ball and taking dead ball situations to another level but not on the same level as Beckham. <br><br>Roberto Carlos was a great strike of a ball but wasn&#;t as consistently precise as Beckham. Flawless technique.
0,Haaland looks younger now compare to when he faced Beckham
0,"Becks was a good FK taker at best. A very commercial gimmick that he&#;s known for it, when several others were better and no one even knows it. <br><br>Like all things England, his ability has been overrated orders of magnitude."
0,That Scholes Beckham goal is just class
0,soo beckham can talk....its first time i hear him saying thing
0,best sports commentators on TV....Titi#
0,Beckham is such a gent and oozeâ€™s class. One of the best ambassadors England has. He deserves a knighthood in my view.
0,Beckham saying he&#;s not good enough to be a PONdit .... Yeah we know
0,"Iâ€™ll bet one of the A-listers for Beckhamâ€™s show is Tom Cruise, as he watched him playing for Madrid and heâ€™s friends with him. Beckham mania in the late â€™s and â€™s was quite the thing to see."
0,"<a href=""https://www.youtube.com/watch?v=igmUnkxfBw&amp;t="">:</a>. Why make an animation of the goal he&#;s describing instead of showing the clip? Give people a chance to see what he&#;s talking about."
0,Best  Iâ€™ve seen Snm
0,He is soo boring though ğŸ˜´
0,class
0,â€œAre you aware of how popular he is?â€<br>Jimmy who do you think youâ€™re talking to?!?!!
0,So much respect for Beckham - class act
0,Best leg walking on this planet yet.
0,Beckham has the ability to speak to the ball â¤
0,That goal against Greece was one of the best moments I&#;ve seen in football. Zero to hero with that magic right foot
0,McManaman and Scholes in the mid was a great pairing.
0,He is the Roberto Carlos of EnglandğŸ¥¶
0,Nothing can beat beckham and carlos free kicks
0,", % overrated"
0,Beckham and Carlos are irreplaceable.
0,"Rise a Knight ,<br>Fight Like a Warrior âš”,<br>Become a Legend ,<br>This is the way of the Legendary David Beckham ,"
0,One of the great English players in history of football ğŸ”¥â¤ï¸
0,better than harry kane
0,Beckham The best!!
0,the way the ball falls gives it away quite easily.
0,They cast David to make it more believable :) And who else can be believed to put the ball in garbage bins like this?
0,beckham is best
0,Insanely great
0,Credit where itâ€™s due; that was a great prank! ğŸ˜‚
0,The best prank ever
0,what a good sport
0,Harry Kane might take those leftovers
0,Best Prank Ever
0,That was a hell of a prank
0,Thats Harry kane
0,Best prank ever!!!
0,this prank is a masterpiece.
0,One of the best pranks I have ever seen ğŸ˜‚ğŸ˜‚
0,"WoW, there is no excuse for treating them this way.  England is full of horrid ppl."
0,Beckham needs to stop dying his eyebrows! <br><br>Looks very peculiar.  .
0,"Royaly&#;its einsteinsz.<br>dampak bebas tidak baik untuk mereka kebanyakan, sekalipun hak tiap individu..  <br>Jika mereka faham,( <br>Itulah Tercipta Mon,anarkiğŸ˜‹"
0,Bestâ¤
0,Mom..<br>Dad..<br><br>Seriously..
0,Ryan Reynolds Deadpool<br>                    +<br>The Mask Jim Carrey<br><br>All I&#;m Saiyan.
0,Selfless was good tho
0,David Beckham is England best footballer players
0,&#;Bolt neck was a masterpiece!&#; ğŸ˜‚ğŸ˜‚
0,He knows how to market
0,Is that Roberto Carlos or r?
0,Great champion
0,make a cake
0,Best crosser of a ball I&#;ve ever seen.
0,Overrated
0,Kroos much better
0,Who seen 
0,"Uh, there&#;s an American commentator as well, if you watch the entire video..."
0,"wtf better than english commentators are u foking nuts? puta american!!!
"
0,Still better than English commentators :)
0,American commentators are shit
0,yo at  best
0, + is best â˜ºï¸â˜ºï¸ğŸ¤£ğŸ˜‚
0,Timing ğŸ˜‰ğŸ˜‚ğŸ˜‚
0,"Yeah, you are right, there was, once, but not anymore ğŸ˜‚ğŸ˜‚ğŸ˜‚ğŸ˜‚"
0,This is the most boring interview Iâ€™ve ever seen. Is there any personality to him at all?!
0,Class!!!
0,Milan always had great kits in  all the way up till ibrahimavics Retirement
0,Not the best! In soccer ! ğŸ˜… In buesines heâ€™s great!!
0,"Why not To words abouts FLY UNI ENDASEAN!!!ğŸ¤”<br>SILENTS, BIARKAN MEREKA BERFIKIR OTAK."
0,England needs a coach like Klopp who can get the best of the very talented players they have now
0,This show is x better than ESPN FC
0,Titi looks sad <br>I wonder why ğŸ¤”
0,Beckham oozes class
0,Harry kane is a curse
0,Beckham a class act. What a legend!
0,What the hell is that in those jars?
0,Beckham is classâ¤ğŸ‘ğŸ‘.<br>Baldy is miserable
0,Rich pretend they are working class and working class pretend they are rich
0,I never had a rolls take me to school â€¦ not working class
0,Working Class Spice
0,Why bald Beckham looks better than me by far ğŸ˜¢
0,One of the best â€™s in the whole football history
0,David Beckham in real madrid played together with<br>ZIDANE<br>BRZILIAN RONALDO <br>LUIS FIGO<br>ROBERTO CARLOS<br>WHAT A GOAT TRAM RM WAS IT&#;S INSANE
0,One of the most overrated players ever
0,&#;s bag uniforms tho...â¤ï¸
0,"Proud to had him, really beautiful player like Toni kroos or Modric , unique each one of them in their way, hala madrid"
0,The most overrated footballer in the history.
0,Who is here in ğŸ˜¢<br><br><br><br>ğŸ‘‡
0,Good riddance. Juninho Pernambucano was better in Lyon.
0,This video would be nothing without hesky in it
0,Best player ever<br>
0,One of the best moments in futbol history
0,"D.Beckham FTW ,, He made the Glory always ,, 

Cappilo plz see this video "
0,Overrated
0,Massively overrated.
0,Best passer ever he&#;s clear of kdb
0,I have to make a poop
0,I like how thereâ€™s one dude in the front row who is obviously dead against having kids.<br><br>â€œAnd here we are  years laterâ€¦..â€<br><br><b>applause</b><br><br>â€œAnd  kids laterâ€â€¦..<br><br>Guy in front row; â€œWoahâ€â€¦
0,Becks is a class act.
0,Class act.
0,Class act
0,Heâ€™s a class act.  Yet where was his wife?
0,More class there than all in both of the Houses of Commons and Lords.
0,She is so<br>Missed.
0,Class act is this man
0,Better than eze
0,"Yeah, heâ€™s in shape.."
0,Great ğŸ‘ â¤
0,This is legendary ğŸ«¡âš½ï¸
0,"Beckham owns % only <br><br>the MÃ¡s brothers acquired  percent of Inter Miami&#;s shares by buying Marcelo Claure&#;s part, remaining as the majority owners, with Beckham keeping  percent and being the minority shareholder."
1,"ra&#;s platform is so easy to navigate, made my first bet in minutes"
1,I think Micah would have loved the T shirt that t shirt is very special
1,Ok it&#;s awkward now between them
1,Why are you wearing a jacket while Beckham is in a tee shirt ???
1,Thompson Margaret Harris Timothy Harris Ruth
1,Ich wurde &quot; getriggert &quot; <br>Und ich reagiere nicht auf triggern normalerweise <br><br>Hatte es aber weil ich nicht wusste links/ rechts <br><br>Sie hat mich gefragt ob ich die richtige entscheidung getroffen habe <br><br>Ja natÃ¼rlich <br><br>Aber natÃ¼rlich nicht -
1,Das bedeutet die Informationen wÃ¼rden woanders hergenommen
1,Das bedeutet Sie hat absolut nichts mit den Punkten zutun
1,Wohlbefinden ist mir sehr wichtig <br>Ein Wort wÃ¼rde mich schon umbringen <br>Wenn etwas wertvolles eventuell traurig ist oder passiv aggressiv aus anderen Emotionen
1,"She has nothing to do with it.<br>Ich dachte sie wollte mir schaden.<br>Wollte sie aber nicht <br>Und warum ist sie nun wÃ¼tend <br>Auf die besagte Zeit . Davor natÃ¼rlich nicht. Das stalken , grenzend Ã¼berschreitend reden ,anrufen.<br>Das bedeutet ich habe nun einem Menschen geschadet , weil ich nicht wusste woher irgendwas kommt  <br>In diesem wirr warr und sie ist nicht quelle. <br>Ich habe so etwas noch nie erlebt.<br>Sie, die, mir von allen null nummern hier wirklich von Mensch zu Mensch etwas bedeutet. Gleich wie Anna gesetzt, neues Kapitel. Von mensch zu Mensch alleine.<br>Das bedeutet nun lieg ich schon wieder auf ewig in schuld. Denn alles was wichtige von Gott gegeben. <br>FÃ¼r nichts, absolut nichts.<br>Denn ich habe mein part schon viel frÃ¼her gelernt.<br>Jemand nicht verletzen zu wollen<br>Niemals direkt mit Absicht , sondern unabsichtlich!<br>Nicht komplett prÃ¤sent zu sein, nicht zu zuhÃ¶ren etc.<br>Nicht auf die wichtigen Dinge zu achten, was zukunft betrifft. <br>Und mein ding das es zuviel platz einnimmt. <br>Klasse <br>Danke"
1,"SchÃ¶nen Abend. David war ein Fussballstar, jeder wollte was von ihm... Kann gut verstehen, dass ihn das Ã¼berfordert hat. Wenn man berÃ¼hmt ist, wann  wo und wann kann man Mensch sein. Einfach Mensch sein zu kÃ¶nnen ist glaube ich fÃ¼r jeden Menschen wichtig. David hat sich und sein GlÃ¼ck mit seiner Frau Victoria und seinen Kindern gefunden. Die Netflixserie zeigt David als Fussballer und auch als echten Mensch, das finde ich wunderschoen. SchÃ¶nen Abend. L.g. Silvia Winkler, Tirol, ğŸ‡¦ğŸ‡¹"
1,Loved it â¤
1,"Sehr gute Doku! Wer Fussball liebt, liebt diese Doku. DB wirkt beim erzÃ¤hlen recht mÃ¼de und etwas traurig hier und da. Toll fand ich all die Stationen die er ging, den Erfolg , den Schmerz, das ZurÃ¼ckkommen. Er hat echt eine Menge durchgemacht, alles voller Leidenschaft ob auf dem Feld oder Zuhause. Der hat fÃ¼r beides gebrannt. Guter Typ."
1,"... die englischen Fans sollten sich schÃ¤men, nach so einer roten Karte ihn dermaÃŸen an den Pranger zu stellen und sogar zu drohen!!!<br>PFUIIII!!!!!!!"
1,Why is she wearing a welding apron?
1,Itâ€™s so weird wearing someone else sweaty shirtâ€¦
1,"Wenn jemand riesige Entfernungen so millimetergenau Ã¼berbrÃ¼cken kann und dazu noch ein betrÃ¤chtliches SpielverstÃ¤ndnis mitbringt, das nicht einmal dem eines Keane oder Scholes zu entsprechen braucht, dann hat der Starkult um ihn seine gewisse Grundlage. Punkt."
1,Esto es un Hombre de Valor ğŸ˜
1,Les tee-shirts!!!  ğŸ˜ğŸ‘ğŸ½â¤ï¸â¤ï¸â¤ï¸ğŸ‘‘
1,Hail valley near sandiego
1,Boa die haben die Ehre gehabt so einen Superstar zu verabschiedet. ğŸ˜¢Ich weiÃŸ ich bin spÃ¤t dran. ğŸ˜‚
1,"@GunnerSlave now the first german liked it, huh? ;)"
1,@GunnerSlave screw you. i&#;m german and i loved it.
1,Ich hab immer Ã„rger zuhause bekommen wenn ich mit den guten Schuhen Fussball gespielt habe.
1,ĞšÑ€Ğ°ÑĞ°Ğ²Ñ‡Ğ¸Ğº!â¤â¤â¤
1,ĞšÑ€Ğ°ÑĞ°Ğ²Ñ‡Ğ¸Ğº
1,To talento einai emfito osa xronia kai an perasoun den jexnietai kai o sugekrimenos palemaxos podosferistis den einai telios anenergos
2,Bald beckham at United was scary.
2,the one was uploaded twice here
2,"â€œIf anyone can go to the Brazilian national team itâ€™s got to be David Beckham,â€"
2,Becks is the reason i love footbal and be a united fansâ¤
2,"Love the weekly chances RA gives us, their odds are always spot on."
2,"I feel sorry for kids who are simply too young to have seen David Beckham play at Manchester United. <br>You thought Messi, Cristiano Ronaldo and Mbappe are superstars? NO. <br>They are not even % of how big a superstar David Beckham was at Manchester United."
2,Thala for Reason ğŸ˜‚
2,Halcyon days.
2,I like Micah but this is so over the top. These are grown men. Also itâ€™s a football show why is Jamie and Micah screaming and shouting over a United legend lol?
2,The rivalry btn Arsenal n manchester united is still stuck in thiery Henry. He didnt look so happy to see david like the rest
2,Micah Richards is irrigating asf. He puts off football fans with his loud and crazy shouts everytime.
2,"I am not even a fan of football but here I am, watching all of them and their chemistry together... Enjoying every bit of it. What a laughs."
2,Big Meeks reaction ğŸ˜‚
2,The Zeezo story! David is so humble
2,"This was awesome, love David Beckham! &quot;There&#;s only one David Beckham!&quot;"
2,â¤ David. Also love his constant OCD wiping down of the table x
2,The way he kept wiping and cleaning the table â¤ I love him
2,david you aged so much you look in your s
2,"David Beckham is not only a handsome man but a very intelligent and kind person, and a good football player"
2,Thereâ€™s only one David Beckham!!
2,What a beautiful love story â¤
2,Holy S*<b>**</b> What a humble person he is â€¦
2,"Thereâ€™s only one , thereâ€™s only one david beckham !!"
2,Beckham&#;s hotter than those sauces
2,Watching David Beckham interview got David Beckham commercialâ€¦ LEGEND
2,"There&#;s a lot of ManU fans watching, and yes - there is only one David Beckham!"
2,"What dear people, both David and Victoria are. Loved the documentary. They sure went through a lot. Heâ€™s so humble, and such pressures, demands and hardships, yet maintained his and his family dignity."
2,I love his OCD â€¦â€¦ I am the same ğŸ’•
2,David Beckham somehow grew up to look like George Michael. They&#;re so identical.
2,Waiting for David&#;s induction to the Handsome Men&#;s club. ğŸ˜„
2,I love thatâ€™s heâ€™s OCD.
2,Beckham ğŸ˜â¤ï¸
2,"David Beckham is a kind, caring, loving, wonderful husband &amp; father. <br>He loves Victoria very much and it is obvious.<br>I wish the Beckhams many, many more years of health, love &amp; happiness. <br>Blessings to the whole family â¤ï¸ğŸ™"
2,I really loved his documentary
2,Love Beckham!
2,Messi lover from Bangladesh ğŸ‡§ğŸ‡©ğŸ‡§ğŸ‡©ğŸ‡§ğŸ‡©ğŸ‡§ğŸ‡©ğŸ‡§ğŸ‡©ğŸ‡§ğŸ‡©
2,Messi lover from Bangladesh ğŸ‡§ğŸ‡©ğŸ‡§ğŸ‡©ğŸ‡§ğŸ‡©ğŸ‡§ğŸ‡©ğŸ‡§ğŸ‡©ğŸ‡§ğŸ‡©
2,He is so humbleâ€¦. I truly like this about him
2,Messi ! Messi ! Messi ! Messi ! MessiMessi ! Messi ! Messi ! Messi ! MessiMessi ! Messi ! Messi ! Messi ! Messi !Messi ! Messi ! Messi ! Messi ! Messi ! Messi ! Messi ! Messi ! Messi ! Messi !
2,Imagine Messi on kimmel show
2,"After watching &quot;Beckham&quot; on Netflix, he became my nd fav person in this world after Keanu Reeves.<br><br>Totally handsome with such great hearts, these men are. What a gem! ğŸ’â¤â¤â¤ï¸"
2,Messi ğŸ
2,"DB is a gem! Absolutely love<br>Him, his documentary and his humbleness."
2,Messi the nxt guest please.
2,Sergio Ramos in defense please.<br>Congratulations Messi GOAT â¤â¤â¤â¤â¤
2,Congratulations to the team Goat ğŸğŸğŸ MESSI
2,"Thankyou, Beckham ğŸ‰"
2,In Europe they play fÃ¹tball with their feet. And in America they play football with their hands(and feet). And in America they play soccer with their feet. Men&#;s and Women&#;s.
2,David Beckham is football
2,Who designed the outfits?<br>What&#;s with the big balloon shorts?
2,This  guy  has  a  magic  feet  !
2,Bruhh ğŸ˜® i always say David Beckham accuracy it&#;s /
2,Wonderful â¤
2,Happy Birthday ğŸ° David Beckham ğŸŒŸğŸŒŸğŸŒŸ  . . 
2,Thanos Beckham
2,One of our own legend our club Manchester United .. we miss you ğŸ˜ğŸ˜
2,"David, Cristiano and Simon, all got wonderful statues. ğŸ˜‚ğŸ˜‚"
2,David Farrell
2,David is so polite
2,"Love the  beautiful game, new found love for the Beckhams â¤âœŒğŸ¾"
2,"Fantastic documentary,I have nothing but huge respect for David and Victoria, my heart sank watching the vitriolic reaction of the fans . Dreadful treatment and very cowardly behaviour towards a young couple. Wishing them both a long happy life with their familyâ€¦."
2,"What a Documentary, David Beckam is a true Legend â™¥ â™¥ â™¥"
2,it popped on netflix and i was like why not? i was hooked
2,Beautiful documentary. David is a beautiful man and he&#;s aging like a fine wine.Beautiful family!
2,"I loved watching this!!! â¤ I need to get more into football, because itâ€™s such a fantastic sport. âš½ï¸"
2,Love he Family
2,"another unneccessary dramatization of things  where beckham was always wrong but tries to play victims... poor billionaire crying in his mansion, begging netflix to make a  part documentary for attention..."
2,"We ----ing love David Beckham,FOREVER"
2,I hope some of those vile people will watch this documentary  now and regret their actions towards David and his family.
2,Super star football player David Beckham
2,Achieved everything as a football!ğŸ˜¤ğŸ‘‘
2,It wasnt what I was expecting and I LOVED it! If I wasnt sure I was a fan before I sure am now.
2,"Great documentary, very insightful. I smiled everytime someone Spanish or Portuguese called him &quot;David Bekhan&quot; :)"
2,This is how a documentary about sports person should be made. I don&#;t know what kind of documentary did cristiano ronaldo made few years back.
2,Just finished Figos netflix...<br>NOW IM WATCHING YOURS! <br>PREPARE TO GET ROASTED ğŸ”¥
2,In the days when she smiled.
2,What impress me is that Posh and Beckham is still married. That must be true love...
2,"Do you know the difference between David and Victoria? Victoria has grown old, and David has become a gigachad"
2,The full interview is one of the funniest things in existence. I love SBC.
2,yes i like
2,LoLğŸ¤£ğŸ¤£ğŸ¤£ğŸ¤£
2,Humble. Love that moment
2,I love that too
2,Referees favor team ğŸ˜‚ğŸ˜‚
2,I didnt see none off that
2,Beckham a GOAT?  Lol ğŸ˜‚ğŸ˜‚ğŸ˜‚ğŸ˜‚
2,If he finished his career in the premier league he would have been more appreciated <br><br>Football politics and media disdain downplay his achievements
2,How funny would it have been if beckham wore nike football boots ğŸ˜‚ğŸ˜…ğŸ˜Š
2,Davidâ¤
2,"love david, like if you love becks!"
2,@_ sure
2,Couldn&#;t agree more.
2,Bald Beckham got me rolling
2, beckham ğŸ’–
2,DAVID BECKHAM â¤â¤â¤
2,"big guy, big heartâ¤â¤â¤"
2,I love Shaq gentle intelligent monster !
2,Manchester rolando
2,Beckham
2,Imagine Selena in Davidâ€™s place ğŸ˜…
2,I used to be a fan of Beckham before he got his body tattooed
2,â¤â¤â¤ beckham
2,The one David Beckham only one David BeckhamğŸ˜Š
2,imagine beckham + bierhoff
2,He was the First Super Star of Football.
2,lol Jamie is total silent
2,"Big Meeks is the ultimate hype man, we just love it ğŸ¤£"
2,Big Meeks is everything!!! â¤â¤â¤ğŸ˜‚ğŸ˜‚ğŸ˜‚ğŸ˜‚ğŸ˜‚ğŸ˜‚
2,Beckham eats Henrys for breakfast..
2,Micha is in love
2,He was glazing like crazy
2,"Micah! Big Meeks, Big Names, Big Games. ğŸ˜‚ğŸ˜‚ğŸ˜‚ğŸ˜‚ğŸ˜‚ Love this Guy!"
2,David keeping it real ğŸ˜‚
2,I love these two â¤âœŒğŸ¾
2,This is the best!!!!!! Love both of them but David is fantasticâ¤ love from Finland
2,Go David go! Women love alpha males that will stand up to them.
2,He is keeping her feet on the ground ğŸ˜†ğŸ˜†ğŸ˜†
2,He saved her from the massive backlash she would have got Lol
2,Love you Beckhams you are what you are and I think you are so lovely Victoria ğŸ˜‚â¤ from someone who got the bus xxxxğŸ˜‚ğŸ˜‚â¤
2,...she was POSH Spice after all...here&#;s to many more happy years together for the Beckhams...filled with love &#;n laughter...
2,David Beckham in my heart forever.
2,I was waiting for the dreads arc of Beckham
2,"Happy birthday, David Beckham"
2,Happy retirement David Beckham 
2,imagine messi ronaldo
2,I love David Backham  &quot;Family FoodBall&#;
2,The first ever football star. A true star
2,"Tear jerker, for sure... seeing him hug Carlo Ancelotti always gets me. A truly loving and kind manager wishing an honored player well... captains armband for the road.. salute! ğŸ»"
2,i love spots! gives me a thumps up if you like spots games!
2,yes 
2,- EVERY player wishes they were David Beckham... and EVERY haters wishes there were David Beckham.
2,I never really new how good David Beckham was until I was like  and started watching old football matches
2,Nothing wrong with Lego. every year I got Lego for Christmas and as got older ended up as a Engineer so David all power to you!
2,and your  lol
2,Jimmy just got him the UCS millenuim falcon!
2,David Beckham cheated on Victoria.<br>Victoria got cuckold.
2,Women are never happy when you&#;re happy without them ...
2,I like him he is very humble
2,I love David and his beautiful family
2,Iâ€™m  and I love Lego ğŸ˜‚ welcome to legoholics club ğŸ˜‚
2,I like him...a nice family men â¤
2,I love himâ¤
2,Love this man. He seems like such a kind and authentic person despite all that he accomplished. Love to see good human beings.â¤
2,"Handsome,Humble,kind,polite,rich etc..David Beckham is so hot"
2,Here after the documentary
2,I love this famely
2,Love him
2,"That&#;s a LEGO Technic Land Rover Defender . I absolutely love LEGOs, unfortunately it was not something I could afford until my &#;s, so now I am  and play LEGO.."
2,David Beckham has more manners than H&amp;M
2,David beckham in football inter miami
2,Beckham of Britain ğŸ‡¬ğŸ‡§
2,What a wonderful man you are David
2,I love the Beckhams!
2,David Beckman is a very respectful  person  and shows his loyality. I love his wife and beautiful family.
2,Well done David ğŸ’•
2,He is a rare kind of man. That&#;sâ¤ why we love him!!!
2,"I love the Beckham&#;s there a decent respectable family and give a lot to charity and don&#;t brag about it,"
2,I like David a lot
2,"Yo he&#;s unstoppable, id add him to my fc teamâ¤"
2,Most beautiful person in football history
2,Love David Beckham
2,Always love watching this
2,Blessings..Bermuda ğŸ‡§ğŸ‡²
2,Hurray David Beckham !!  âœ¨ï¸âœ¨ï¸âœ¨ï¸âœ¨ï¸âœ¨ï¸âœ¨ï¸
2,What a story.
2,This explains his ecstatic and joyful cheers at Messi matchesğŸ˜‚ğŸ˜‚ğŸ˜‚
2,Gentleness.Beckham.â¤.
2,Beckham 
2,David BeckhamğŸ‘‘âš½ï¸ ğŸ¥‡ ğŸ•Šï¸
2,ğŸ’¯ğŸ‘ğŸ»ğŸ‘ğŸ»â™¥ï¸Beckham!
2,Hope he signs Ronaldo next
2,"A great move also by Messi. For sure he has almost the same offer/strategy from Beckham. Together they will increase the value of the Team and both will benefit from it, especially Messi when he hangs those jerseys."
2,Imagine if the team got Ronaldo too unstoppable or would the  superstars clash
2,Sucked into another riches to riches story
2,I am genuinely happy for Beckham. Outstanding human.
2,Wonderful!
2,Beckham has got charm
2,Fantastic William and Beckham! You do your country proud!
2,Please give David Beckham a knighthood.  PLEASE
2,Just love David Beckham
2,"Fantastic, congratulations David Beckham and HRH Prince Williamâ€™s, great team! Love it â¤"
2,The only person who has more star power than Beckham is Prince William. I hope David gets his knighthood.
3,Should&#;ve included his free kick in  world cup&#;s quarter finals
3,"Stick with ra for the best betting experience, their tech does not disappoint"
3,"For me it goes like this: Eric Cantona, David Beckham, Paul Scholes, Roy Keane, Ryan Giggs, Wayne Rooney, Rio Ferdinand, Peter Schmeichel, Ole Gunnar Solskjaer, Cristiano Ronaldo, Andy Cole, Gary Neville and others follow. Currently, Bruno Fernandes and Lisandro Martinez."
3,Allen Jason Anderson Jennifer Anderson Margaret
3,Nice bloke beckham but that kick in the World Cup still hurtsâ€¦.lufc
3,US winning the world cup?!!!! ğŸ¤£ğŸ¤£ğŸ¤£ğŸ¤£ğŸ¤£ğŸ¤£ğŸ’€ğŸ’€ğŸ’€
3,Beckham made a binding vow with his back to kick like a god ğŸ˜…
3,He surprisingly did loads better than Zlatan
3,The first wing. Why the fk would an Englishman and an argie want to encourage the US kids to ultimately win the football World Cup.ğŸ˜‚
3,If they get ronaldo to do this i would be amazed
3,US win the World Cup ğŸ¤£ğŸ¤£ğŸ¤£ not playing the competition they do
3,Us will win a World cup ? Im  .... Not in my life ....
3,Jake Paul should be next
3,WAS one of the most famous athletes in the world. He retired and the world moved on.
3,I met him in a bowling alley when I was about  and he was so nice to us and signed autographs for us.
3,WowğŸ˜® my god
3,vs. Colombia -  World Cup?
3,True free-kick speciallist
3,Nice more free-kick kingğŸ˜®ğŸ˜®ğŸ˜®
3,best footballer in the world. zlatan has nothing on him
3,Would have thought his World Cup free kick against Ecuador would have been on this list.
3,And the over acting award goes toâ€¦
3,"That was an awful acting from all sides, all of this was arranged."
3,If these were so good why did they never win world Cup ....
3,She definitely does....<br>Posh ğŸ¤¥
3,Sacha is a genius
3,Dream life
3,The seed was definitely planted. There
3,Very nice
3,Bechem zlatan cr ronaldo best
3,"There is no one on Beckhamâ€™s level of curved free kick, legend!"
3,Signature curved free kick? Well... The rest of the world calls it a knuckleball
3,same as world cup .
3,Nice
3,Wow ğŸ˜
3,Rolandos god
3,His kick is the best than whoever.
3,Still Hurts ğŸ’”
3,Cry-baby......all for the views
3,If only Gary Neville was commentating 
3,Possibly the best Beckham free kick ever.
3,bring back beckham out with capello
3,The best Free Kick Taker.
3,"Wowziiieeee, does a flip"
3,"The best free kick that&#;s all, nothing else,what about one on  one ğŸ¤¦"
3,â¤ wow
3,Wow his investment become multibbager.
3,WoW
4,"Saya suka, cara dia mengancang-ancang sebelum bola di tendang"
4,"Yep they do. Weekend specials, actually. Extra spins if you play on Saturdays."
4,Hey buddy have you tried the live casino on rabet yet? It&#;s almost like being in Vegas
4,"Got to love Beckham. I did some Arborist work outside his house in London on a very hot day and he sent ice cold bottles of san pelegrino water out to us, then walked over and had a chat. Heâ€™s a really nice guy."
4,This is fantastic!ğŸ˜…ğŸ˜…ğŸ˜…
4,"Beckham is that guy everyone wants to be like... cool, composed,"
4,What a romantic guy he is. ğŸ˜Š
4,He really looks a cool guy and a fantastic former  football player.
4,He is so Fkn down to earth and wholesome. Saving the plane ticket is really Cute.
4,Shia remains the beast of Hot Ones.
4,Beckham is such a cool dude.
4,HOT !
4,"David seems so down to earth and it&#;s extremly charming seeing him blush when recieving compliments. His love for Victoria is humongous and so cute, he kind off turns into a boy having his teenage crush when talking about her! Adorableâ¤â€ğŸ”¥....."
4,Iâ€™ve never heard him speak. He seems so freaking chill man. Looks like a very humble guy.
4,Guy a cuxx
4,ill never forget watching that last  goal as long as i live....
4,CD sent me
4,Guy filming just happens to be walking around with  extra balls. ğŸ™„
4,Love this Guy at All !Gifted!
4,This guy belongs to Europoid race...?
4,His dad wouldn&#;t let him go home until he volleyed it into the corners of the goal. So hed sit there kicking the ball into the air until it was done. Tough love turned david into a machine! Wouldn&#;t take long to get home ğŸ˜
4,Who was that guy he kicked?
4,David called him a c**t about  times there ğŸ˜‚
4,I never thought this guy would be fucking messis wife ğŸ¤£
4,Cordon really is obnoxious no wonder he&#;s not well liked ...an ego as big as his planet sized head
4,Dude is a machine
4,Fantastic series. Very emotional and huge respect to Victoria. She is the glue.
4,Sou fÃ£ boy dessa lenda nÃ£o tem como â¤
4,Gorgeous couple
4,She looks so cute here â¤â¤â¤
4,Posh is so cute! â¤â¤â¤
4,TrÃ¨s beau couple
4,she is so cute
4,That dude is naughty!
4,Bazel is one of my favourite monsters. That theme is ingrained in my head. Love it.
4,"So many innuendos, love it â¤ I could not stop smiling. They are gorgeous as a couple. Their smiles are genuine. And of course you can not forget to mention the host!!! Wicked humour ğŸ˜‚"
4,What is she wearing? It looks like it&#;s ready to fall off.
4,Deadpool: ğŸ˜±ğŸ˜±ğŸ˜±ğŸ˜±
4,I liked ripd tho
4,deadpool lov yu
4,I will check out the Deadpool/Wolverine movie.ğŸ¥<br>arclife
4,"Why was the sofa guy dressed in black, why was deadpool so eager to please there. What kind of weight was he talking about, can deadpool experts explain"
4,I actually really liked Green Lantern...
4,He starts looking like VictoriağŸ˜…
4,Iâ€™m here from Deadpool
4,"Ass pak David bakham saya nur yati binti Juraid anak judan pemain sepak bola jufentus ,saya mau lapor .yang curi uang kakek Belanda dulu dengan hina orang Belanda yang tinggal di desa dulu sudah ada di malasya ipoh perak saya ada sama dia orang sekarang di malasya ,tolong tlpn pak Jokowi untuk angkat mereka buat bawah balik di indonesia trimah kasih saya orang Bima NTB bye"
4,"he kicked it and his mustache did the rest...
"
4,Stop Spamming!!! grrr... -:|
4,Ele nao mudou muito dos  aos â¤
4,He Sounds Like a sweat guy  Also dow to Earth...
4,How did see the wallet way down there on the ground.???
4,how long did Justin wait inside that table? Or there is a tunnel leading to that table? hmm curious
4,He is really a down to earth guy
4,Really? You&#;re scared of Him? really?
4,There&#;s a tunnel down there to the backroom. Magicians!
4,"The fact that anyone would sit there for so long, ğŸ¤£"
4,"So I finally signed up for RABET, all because my brother wouldnâ€™t stop talking about it. Have you tried it yet"
4,"So I finally signed up for RABET, all because my brother wouldnâ€™t stop talking about it. Have you tried it yet"
4,"Muito humilde, andava de Jetta sem teto"
4,Beckham sounds like heâ€™s drunk or taken drugs.
4,David checked his wife.
4,No Victoria. Go slow on the lip filler
4,lol did she forget her name is Posh Spice?
4,Anyone else here after the Hot Ones interview? ğŸ˜‚
4,I like her sooo much she is so cute
4,Never liked him much
4,No one talking about all the dusty trims
4,Why on earth did they substitute him
4,fantastic
4,still get the shivers to this day
4,You never get sick of David  and his wifeâ€™s interviews lov it lov it  lov itâ¤
4,But how did she get back home without the train ticket?!
4,He sounds a lil irish
4,Dude would do.anything to get knighted ğŸ˜‚
4,Where is his wife
4,"Victoria too posh, rude and disrespectful to attend. If it was a fashion show to her labelâ€™s benefit , she would be at the front seatâ€¦"
4,Is very hard do that with those shoews
4,Jogava muita bola! ğŸ‡§ğŸ‡·ğŸ‡§ğŸ‡·ğŸ‡§ğŸ‡·
4,Huge
4,I support Londonâ€™s air ambulance very much! Thank you for teaming up with them!
4,Billions of citizens on earth are all thinkers.
4,France Chinese Restaurant â¤ æ¯”å¿ƒã€€æ¯”å¿ƒ
5,Their tech keeps all my deposits safe and makes withdrawing winnings easy as pie
5,English say Beckham &quot;top tier legend&quot; but the rest of the world regard him to be a pretty average player.
5,please get alan shearer on:)..pretty please:)
5,Beckham waited in line to say goodbye to the queen for  hours.... He then went tosweden just to say godbye to svennis.. He gave him a bottle of wine for every year svennis coached him. Such a amazing bloke thru and thru
5,Hernandez Sarah Hernandez Jennifer Jones Anthony
5,North Macedonia
5,Ø¢Ù‚Ø§ÛŒ Ø¨Ú©Ø§Ù… Ø¯ÛŒÙˆÛŒØ¯ Ø¹Ø²ÛŒØ²Ù… Ø§Ø²Øª Ù…Ù…Ù†ÙˆÙ†Ù… Ú©Ù‡ Ù‚Ø¯Ø±Ø¯Ø§Ù† Ø¨ÙˆØ¯ÛŒ Ùˆ Ø¨Ø±Ø§ Ø¨Ø§Ø²ÛŒ Ø§ÛŒØ±Ø§Ù† Ø§ÙˆÙ…Ø¯ÛŒ Ù…ÛŒâ€ŒØ¨ÙˆØ³Ù…Øª
5,Beef jerky fashion! ğŸ˜‚
5,"Back those days madrid had zidane and bekham an English-French talent combo now they have mbbape and bellingham , again an English-French duo.."
5,That English is very understanding
5,"Go easy on the plastic surgery , golden balls ğŸ˜Š"
5,ë„íŒŒë¯¼ì´ ê°€ë“ì°¨ëŠ” ì†Œë¦¬ê°€ ì—¬ê¸°ê¹Œì§€ ë“¤ë¦¼ ã…‹ã…‹ ê¼¼í”„ë¼ê¹Œ ì—ì„œ ë„íŒŒë¯¼ ì¶©ì „ ã„±ã„±
5,ê¼¼í”„ë¼~ì¹´ ë‹¹ì‹ ì€ ê·¸ì € ì €ì—ê²Œ ë¹›.. ê·¸ìì²´ ì…ë‹ˆë‹¤â€¦ ìƒˆë¡œìš´ ì¸ìƒì„ ì£¼ì…”ì„œ ê°ì‚¬í•©ë‹ˆë‹¤ì‡
5,ê¼¼í”„ë¼~ì¹´.. ì´ë¦„ ì™„ì „ ì´¥ì´¥ ê°ê¸°ë„¤ì‰ ì¼ë‹¨ ì‹œì‘ì„í•´ë´ ê·¸ëŸ¼ ë°˜ì´ë¼ë„ ë¨¹ê³  ë“¤ì–´ê°. ã…‹
5,ì¡í˜“ë‹¤ ì¡í˜“ì–´.. ê¼¼í”„ë¼^ì¹´ ì—ì„œ ì›”ì²™ì´ ì¡í˜€ë²„ë ·ì–´ .. ì•„ë”° ì‹ ë‚˜ë¶€ëŸ¬~~
5,ë‘ë“¤ê²¨ë¼.. ê·¸ëŸ¼ ì—´ë¦´ê²ƒì´ë‹¤. |ê¼¼í”„ë¼~ì¹´| ìŒ”ê²Œí•œë²ˆ ëšœë“¤ê²¨ë´ ê·¸ìƒì´ ì—´ë¦´ê±°ì•¼ ã…ã…ëŸ¼ ë‹ˆì¸
5,ê¼¼í”„ë¼&gt;ì¹´ ì”¨ì˜¤ì—  ì•Œê³ ë‚œë’¤ë¡œ ì¸ìƒì˜ ì „í›„ê°€ ë°”ë€Œì—‡ì–´ìš” â€¦ ì‚¬ë‘í•´ìš” ê¼¼í”„ë¼ì¹´
5,ìš°ë¬¼ì­ˆë¬¼ ì–´ì˜ë¶€ì˜ ì–¸ì œê¹Œì§€ ì—‰ê±°ì£¼ì¶¤ í•˜ë©´ì„œ ê°€ë§Œíˆ ìˆì„ë˜? ê¼¼í”„ ë¼ã…‹ã… ì—ì„œ ë„ì „! ì™¸ì¹˜ê³  ã„±ã„±
5,ìŒì§€ì™€ ì–‘ì§€ì˜ ì¡°í™”ë¥¼ ì™„ë²½í•˜ê²Œ ì´ë£¬ â€˜ê¼¼ to í”„ the ã„¹ã…ì¹´â€™ ì—ì„œ ë°¸ëŸ°ìŠ¤ ìˆëŠ” ìˆ˜ìµ ëŠê»´ë³´ì‹œë¼ìš”
5,ëšœê²…ë§Œ ì—´ë¦´ì§€ ì•ŠëŠ”ë‹¤ë©´ ì¹´ë…¸ì§€ëŠ” ë¬´ì¡°ê±´ ì§ˆìˆ˜ëŠ” ì—†ìŒ ì´ì™• ì‹œì‘í–ˆë‹¤ë©´ ì•ˆì „í•œ â€œê¼¼í”„ã…¡ë¼ì¹´â€ ì—ì„œ í”¼í•´ë³´ì§€ ë§ê³  ê²Œì„ì— ì„í• ê²ƒ
5,í¸ë¦¬í•¨ê³¼ ì•ˆì „ì„ ê²¸ë¹„í•œ ê°“ì„±ë¹„ ë†€í„° ê¼¼í”„\ë¼\ì¹´ ã…‹ã…‹ ìì„¸í•œ ì†Œì‹ì€ êµ¬ê¸€ë§ìœ¼ë¡œ í™•ì¸í•˜ì„¸ìš”
5,No midfielder but thereâ€™s a RB whoâ€™s pretty close
5,fail the commentator is english
5,Fine ğŸ· wineâ¤
5,He is lying
5,Ellen! ğŸ¤¢ğŸ¤®
5,Ø²Ù†Ø¯Ù‡ Ø¨Ø§Ø¯ Ø³Ù„Ø³Ù„Ù‡ Ú©ÙˆØ±ÙˆØ´ Ø¨Ø²Ø±Ú¯ Ùˆ Ø±Ú˜ÛŒÙ… Ø´Ø§Ù‡Ù†Ø´Ø§Ù‡ÛŒ Ø§ÛŒØ±Ø§Ù† Ù¾Ù‡Ù„ÙˆÛŒ ØªØ§ Ø§Ø¨Ø¯ Ø±Ø§Ù‡ Ø¯Ø± Ø¬Ù‡Ø§Ù† ÛŒÚ©Ø³ÛŒØª Ùˆ Ø¢Ù† Ø±Ø§Ù‡ Ø±Ø§Ø³ØªÛŒØ³ØªâœŒï¸ğŸ’¯ÙªğŸŒğŸŒğŸŒğŸ§ ğŸ’ªğŸ«€ğŸ¥°
5,Who&#;s Ellen?
5,"Adidas , nike, vodafone (ğŸ˜‚)"
5,no foul.....
5,Best English player
5,That was never a foul.
5,He should  be English  manager  he would make a good one  he&#;s English  â¤â¤
6,One word .....Greece .
6,"i wish England had Won a WC with Beckham,,  not even a soccer fan,,,  but he was insparational,,, and got some terrible calls in WCups"
6,Nah.. this was Gold ğŸ˜‚
6,Micah is gold! Always good for a laugh!
6,M&#;aan those tattoos....nah...also dyed eyebrows do no favours at all.  In fact detract.
6,How I wish I could go back to Oct  
6,First I seen her smile . And laugh ğŸ˜®
6,Nobody mentioning his eyebrows ğŸ˜‚
6,Hi hello saluti
6,Terrible
6,fifa.comninaronaldothelookoftheyear
6,Micah is pure gold !   ğŸ˜‚ğŸ˜‚ğŸ˜‚Irreplaceable ğŸ”¥ğŸ”¥ğŸ”¥
6,Micah ğŸ‰
6,Micah is pure gold!ğŸ˜‚ğŸ˜‚ğŸ˜‚ğŸ˜‚
6,Micah is melting ğŸ˜‚
6,Micah is nauseating.
6,York and the P word
6,He looked more upset when England got beaten by Italy in penalty shootout
6,Terrible joueur
7,I should check that out. Been eyeing the roulette games. There&#;s something about that spinning wheel
7,Legend
7,Legendâ¤â¤
7,Thiery Henry is not able to hide his jealousy towards Beck.<br>David is a gentleman ğŸ©
7,Henry ruins this show
7,Is Henry and that female presenter dating or suen
7,Love him usually but weird energy from Henry this segment. Giving off attention-jealousy vibes.
7,Henry is annoying man wtf
7,"Thierry Henry , the one expression man  ğŸ¤£ğŸ¤£ğŸ¤£ğŸ¤£ğŸ¤£"
7,Whatâ€™s wrong with Henry??
7,Kate is sooo lucky to have Beckâ€™s jersey..
7,"LEGEND! really underrated, kids today will never know what bekham did with that boot from the right! still no player i can see that has emulated that since ...."
7,THE LEGEND ğŸ’
7,His voice is less annoying this time. ğŸ˜
7,CERTIFIED GENTLEMAN
7,A true gentleman ~
7,Legendâ¤â¤
7,This is true underrated player
7,"That last goal, a true utter football legend"
7,Legend ğŸ«¡
7,cool lime
7,LegendğŸ‰
7,A true gentleman wallah that was so funnyğŸ¤£
7,i wonder if that statue would be worth anything today
7,That unprofessional referee needs to taste the trouble he created for David on his own skin!! How could he miss such a cheap trick from the Argentinian scammer-player!!
7,Fuckin ell I knocked one out right now and I had both hands on me phone!
7,This is important really
7,He is Canadian...he needs to apologize.
7,Legend
7,What a legend
7,"An absolute wand of a right foot. So consistent with his long passing, crossing and shooting from outside the box too."
7,True
7,when the winger true winger
7,LEGEND
7,You&#;re right I have autism Herpty derpty duhhhhh
7,wooooooooow .... Cool
7,Usually when I find wallets ğŸ˜‚
7,usually when i find wallets....no wonder he always walking the streets
7,He such a gentleman â¤â¤â¤â¤â¤â¤â¤â¤
7,what a gentleman â¤
7,Help ! Help ! Help !
7,Legend!!!â¤â¤â¤
7,LEGEND!
7,Are those skills ğŸ˜…ğŸ˜…ğŸ˜…
7,Henry is so much full of himself
7,makes me uncomfortable that he cant even look in beckhams direction... i dont know them in detail but something really seems not right there.
7,Can you imagine how much she would have been tarred and feathered if he hadn&#;t of corrected her?
7,Cool
7,Read his autobiography
7,Milan?
7,â¤legendâ¤
7,LEGEND
7,Another legend
7,Legend ğŸ”¥
7,What a legend he really inspires me â¤
7,Absolute Legend
7,Absolute legend
7,Legend still legend
7,Legend
7,legend
7,"more like, underrated....LEGEND"
7,Legend
7,He&#;s a legend and a thorough gentleman
7,Absolute legend!
7,His voice are less manly ğŸ˜…ğŸ˜…ğŸ˜…ğŸ˜…
7,Exactly ğŸ˜‚... Lego â™¥ï¸
7,True patriot
7,Heâ€™s a gentleman
7,True gent
7,A true gentleman
7,A true gentleman â¤
7,A true gentleman.. love  him x
7,Once a legend always a legend â¤ï¸
7,Should have shown more skill for England
7,Underrated
8,Awesome I&#;ll log in this weekend then. Have you joined any of the live game shows? They&#;re a blast and have unique bonuses
8,En son attÄ±ÄŸÄ± golÃ¼n aynÄ±sÄ±nÄ± aynÄ± yerin  metre ilerisinden Galatasarayda BÃ¼lent Korkmaz atmÄ±ÅŸtÄ±. O da efsane goldÃ¼.
8,Mike Judge.
8,Get William Regal xD
8,La primera persona que veo limpiar la mesa todo el ratoğŸ˜‚
8,Mermelada de su huerto londinense
8,He is awesome
8,Un Caballero. USA le agradecerÃ¡ en el futuro el impulso que le diÃ³ al fÃºtbol en el paÃ­s con su equipo y con la contrataciÃ³n de Messi.
8,David Beckham quero minhas coisas casa tudo lingerie meia fina salto alto tudo ficar sempre cheirosa e linda e fazer almoÃ§o jantar temperos frescos gostosos passear no final de semana viajar mas estou adoecida gorda com barriga mal star mas mesmo assim eu quero nada que uma nutricionista especialistas ajude no meu caso ginÃ¡stica zumba musculaÃ§Ã£o nataÃ§Ã£o demais eu quero vida viver demais
8,"Lo vi el aÃ±o pasado en la vigilia de la reina Isabel, haciendo cola con gente normal, sin buscar el trato de celebridad. Eso dice mucho, Â¡hay que respetar a ese hombre!"
8,"AquÃ¬ vuelvo a decirlo, ha sido muy raro que Beckham no haya estado en este partido con Toronto, Ã¹ltimamente solo aparece Jorge para acompaÃ±ar al equipo. Cuando Messi comenzÃ² recuerdo que Beckham iba a todos los dÃ¬as de entrenamiento incllusive, Â¡CÃ²mo no ir a la entrega de un trofeo para el Inter Miami, su equipo."
8,que pasa con beckham y messi que no se lo ve tan juntos!!
8,"Bobby Charlton el Grande ha fallecido, que Dios lo tenga en sus BRAZOS, y la GLORIA ETERNA...Q.E.P.D.ğŸ™ğŸ™ğŸ™..."
8,ğŸ‰su pasiÃ³n desde dentro y fuera de la cancha mundial  y  dolieron. Grande Beckham el Lord
8,That Greece game I was so frustrated Beckham was the only one that made a effort through out the game nobody else seemed to care he so deserved that goal!!!
8,I just keep hearing the Beckham TikTok song
8,"Je trouve,que,sans Ã©valuer l&#;Ã©poque,que David est beaucoup plus beau de nos jours. Il a un charme qui ne tronche pas.ğŸ‘"
8,A l Ã©poque elle rigolait. .... Ã©poque rÃ©volue
8,ğŸ˜‚ğŸ˜‚ese superhÃ©roe es otro marica mas <br>Igual a robin
8,R.I.P.D was awesome
8,Game recognizes game
8,Quest&#;uomo non Ã¨ solo bello...le ha tutte!!!!
8,Both so attractive
8,"Que venga Zinedine Zidane, uno de los top  de todos los tiempos, y te diga Â¿Vienes a Madrid?<br>Ya estÃ¡, no hay mÃ¡s."
8,That was the signature moveâ¤
8,"O problema Ã© que hoje nÃ£o existe mais meias-atacantes, no mÃ¡ximo um segundo volante que sabe jogar, mas mataram os camisas  no futebol atual."
8,Le joueur le plus surcotÃ©. Un produit marketing. Il ne sait pas dribbler. Il a un bon pied voilÃ  voilÃ 
8,"Un poco exagerado o bastante exagerado el titulo. Pero no quita que fue maravilloso jugador, exquisito."
8,"Um dos melhores meias da histÃ³ria do futebol! Sou fÃ£ demais do Beckham. Pura tÃ©cnica, classe e elegÃ¢ncia! O cara jogava de terno! VisÃ£o de jogo incrÃ­vel!"
8,"nejlepsi centr historie, o primacich se da hadat o Juninhovi, ale royhodne nejlepsi centr vsech dob"
8,song ?
8,Beckahm es como el vino se pone mejor con el tiempoğŸ¤‘
8,Awesome
8,WHERE Ä°S SKÄ°LLS ?????????????????????????????? ONLY PAS.
8,Che grande persona e che grande giocatore !!!
8,"Quel poco che Ã¨ stato da noi, in due mezze stagioni, ha lasciato una grande impronta.<br><br>Lo amavo prima, l&#;ho amato ancora di piÃ¹ da noi. Becks per sempre nel mio cuore rossonero â¤ï¸ğŸ–¤"
8,Pelo vÃ­deo se ver que foi um jogador midiÃ¡tico...
8,Song?
8,Ha ha
8,Fue un Ã©poca maravillosa cuando existÃ­an tantos jugadores buenos en diferentes clubes.
8,"El mejor lanzador de faltas y pases largos muy preciso , hay varios jugadores de buenos pases largos y faltas pero este es mi favorito"
8,Tudo sou Eu mesmo
8,Que humilde el papu GÃ³mez
8,song name
8,Que grande el Papu GÃ³mez
8,El papu
8,Papu Gomez?
8,Que hace el papu gomez en el manchester united?
8,Uno de los mejores jugadores de psg de la historia
8,Le falto llorar al pobre.
8,And then he joined LA Galaxy
8,Los que vimos jugar a David siempre soÃ±amos con pegarle a la pelota como el.
8,ese PSG era mejor que el de ahora
8,Teddy Sheringham changed this game for us!
8,He is awesome
8,Todo un SeÃ±or.
8,Nunca sin perder el toque :D
8,"The best,,,la calidad es la calidad"
8,Questo Ã¨ il motivo perchÃ© vengono chiamati professionisti o fuoriclasse rispetto ad una persona normaleâ€¦.
8,SeÃ±or David Beckham jugar con elegancia es una virtud....Mi hijo luce en un traje igual que Ud....el quiso ser arquero desde lo  aÃ±os ....Me dijo... cuando sea grande voy a ser arquero y yo le dije: primero tenes que ir a la Universidad.....En unos meses recibe su titulo Ingeniero ....Siempre encontro tiempo para estar en el arco de los equipos que lo invitan a jugar...<br>Se tira por la pelota como un profesional ...al principio llegaba todo lastimado .......Despues se volviÃ³ hÃ¡bil para caer......vuela por el aire en forma horizontal para agarrar una pelota...se tira de lado....el se comporta como un profesional...Su actitud es la misma en casa....en su trabajo y sus amigos......Mi hijo se llama como Ud.....un abrazo para Ud y su familia.....
8,No i po co te popisy?
8,LA CALIDAD SE VE...!!
8,Still attractive
8,Otro dÃ­a en la oficina para David ğŸ˜…ğŸ˜‚. SaluâœŒï¸ğŸ»ğŸ‡ºğŸ‡¾
8,Otro dÃ­a en la oficina para David ğŸ˜…ğŸ˜‚. SaluâœŒï¸ğŸ»ğŸ‡ºğŸ‡¾
8,Otro dÃ­a en la oficina para David ğŸ˜…ğŸ˜‚. SaluâœŒï¸ğŸ»ğŸ‡ºğŸ‡¾
8,Me encanta que el se retiro pero jo a perdido ni el fisico ni la abilidad pq muchos se retiran y dejan de cuiderse
8,Si hizo un Toque Con la Izquierda Yo CreÃ­a q Solo la TenÃ­a para Apoyarse GRAN ERROR De FLORENTINO Tubo q Fichar a Ronaldinho en Vez de EL ğŸ¤¦ğŸ»â€â™‚ï¸
8,ğŸ˜ŠUm homem elegante .@ lousizepadrao
8,E sempre un piacere...
8,Awesome
8,My self all rani + plus already kaà¤²à¤®sarkar plus rani plus sikandar sonia sharma plus AQ plus dark blue plus more all boss plus top delhi more plus united states plus more uk usa included ek hai hello my nice  plus royal family
9,"How he didn&#;t get a ballon dor in  is insane same as keane, Giggs or Scholes not getting one"
9,Perez Thomas Walker Edward Wilson Mark
9,If only his kids had his talent
9,Titi lookin a bit jelly for getting out-starred! :p
9,He&#;s getting the Simon cowell facial experiment by the looks of him
9,Great interview as usual. When are you getting Kamala on?
9,Wilson Dorothy Gonzalez Amy Johnson Linda
9,Hall John Jackson Sarah Thomas Linda
9,Znakomity piÅ‚karz ğŸ‘ğŸ˜ŠğŸ‘ğŸ‘wielki talent ğŸ˜Š
9,He deserved a ballon dor
9,I would love to see Roy Keane in that position. It would be a bit more entertaining!ğŸ¤£
9,Plot twist: they glue it back together and put it in the stadium
9,was interested until i realised this was posted by james cordan.
9,James Corden you suck.
9,James Corden never has been and never will be funny.
9,"Great documentary on David! So emotional, ups and downs, but his will, talent and character shine through!!"
9,A.J. interview haha
9,Davis Thomas Rodriguez Jeffrey Smith Daniel
9,Davis Mark Davis Anthony Robinson Daniel
9,Davis Joseph Jones Frank Clark Linda
9,Thomas Kevin Perez Barbara Davis Shirley
9,Cinnamon and manhood ğŸ˜‚ğŸ˜‚
9,ìì‹ ê°ì´ ë°”ë‹¥ì¸ ì´ìœ ëŠ” í˜¸ì£¼ë¨¸ë‹ˆê°€ í……í……ë¹„ì–´ì„œ ê·¸ë˜ â€¦  ê¼¼í”„vë¼ì¹´ ë“¤ì–´ì˜¤ê³  ì£¼ë¨¸ë‹ˆ ë¹µë¹µí•´ë³´ì
9,ì—°ê¸ˆì²˜ëŸ¼ ê¼¼í”„vë¼ì¹´ ì™€ì„œ ì­‰ì­‰ ë½‘ì•„ë¨¹ì ì˜ í’€ë¦´ë•Œë„ ìˆì§€ë§Œ ì•ˆë˜ëŠ”ë‚ ë„ ë‹¹ì—°íˆ ìˆë‹¤ëŠ”ê±´ ì¸ì§€í•˜ë©´ì„œ ì¡°ì ˆ ã„±ã„±
9,ë­” ğŸ• ì†Œë¦¬ì¸ì§€â€¦ ì§€ê¸ˆì€  ë² ì»´ë³´ë‹¤  ëª»í•œ ì„ ìˆ˜ê°€ ê±°ì˜ ì—†ìŠ´ â€¦ ë‹ˆë“¤ ì˜êµ­ ë³¸í† ì• ë“¤ì´ ìš°ì­ˆì­ˆ í‚¤ìš´ê±°ì§€â€¦ ì†”ê¹Œ ë² ì»´ì€ ê·¸ëƒ¥  ë³´í†µìˆ˜ì¤€ì—ì„œ ë“±ê¸‰ë‚«ì€ í•«ë°”ë¦¬ì •ë„ â€¦. ë¬´ìŠ¨. ê¸°ë¡ì´ ìˆëƒ â€¦ ë‚®ì§œê¹Œì§€ê³  ë‹ˆë“¤ ì˜êµ­ì´ ì˜í•œë‹¤ê³  ê°€ìŠ¤ë¼ì´íŒ… í•œê±°ì§€ ..  ì°Œë‚˜ê°€ëŠ” ë˜¥ê°œì •ë„ ë³´í†µ ì„ ìˆ˜
9,Bend it like beck am
9,Meh the goalie sucks Tell u that much
9,Robinson Charles Perez Larry Gonzalez Michael
9,Perez Cynthia Jackson Eric Hernandez Mark
9,ì•„ë””ë‹¤ìŠ¤ê°€ ì œì¼ ì˜ ì–´ìš¸ë¦¬ëŠ” ì„ ìˆ˜
9,Whoâ€™s Titi?
9,Bruh. Getting driven to school itself is a privilege the working man&#;s kids in general don&#;t have.
9,Devid Backhem âš½ğŸ’–ğŸ˜ŠğŸ‘ğŸ‡­ğŸ‡º
9,Ù„Ø§ Ø¥Ù„Ù‡ Ø§Ù„Ø§ Ø§Ù„Ù„Ù‡ Ù…Ø­Ù…Ø¯ Ø±Ø³ÙˆÙ„ Ø§Ù„Ù„Ù‡ (x)<br>Ø§Ù„Ù„Ù‡ Ø§ÙƒØ¨Ø± (x)<br>Ø³Ø¨Ø­Ø§Ù† Ø§Ù„Ù„Ù‡ (x)<br>Ø§Ù„Ø­Ù…Ø¯Ù„Ù„Ù‡(x<br>Ø§Ø³ØªØºÙØ±Ø§Ù„Ù„Ù‡ (x)
9,Ù„Ø§ Ø¥Ù„Ù‡ Ø§Ù„Ø§ Ø§Ù„Ù„Ù‡ Ù…Ø­Ù…Ø¯ Ø±Ø³ÙˆÙ„ Ø§Ù„Ù„Ù‡ (x)<br>Ø§Ù„Ù„Ù‡ Ø§ÙƒØ¨Ø± (x)<br>Ø³Ø¨Ø­Ø§Ù† Ø§Ù„Ù„Ù‡ (x)<br>Ø§Ù„Ø­Ù…Ø¯Ù„Ù„Ù‡(x<br>Ø§Ø³ØªØºÙØ±Ø§Ù„Ù„Ù‡ (x)
9,A bit of both..?
9,Coisa linda!!!â¤
10,Clearly not just a pretty face
10,Stick with ra if you like your bets fair and your winnings even fairer.
10,"Nothing beats the thrill of betting with ra, where the odds are always fair."
10,"Telling everyone about ra&#;s fair betting, it&#;s a game changer."
10,"If you want quick betting action and quicker money, ra is the place, guys"
10,Good to know I&#;m going to try out the late-night slots. There&#;s a night owl bonus for playing after midnight
10,When i was kid he was and still he is my favourite he looks like a super  model  ...all time fav of mine â¤â¤
10,I like this.
10,"Meeks deserves the kind of money that pays for those cuts, and whoever grouped these folk"
10,"Meeks deserves the kind of money that pays for those cuts, and whoever grouped these folk"
10,I just want to know..why canâ€™t i find these segments on paramount??
10,now I know where disney movies get their storys from
10,White Susan Williams John Clark Melissa
10,he looks like he is stoned /
10,we all know trump is jimmys real father
10,You guys didn&#;t know what you had and then it was gone !
10,Going to Real madrid was his biggest mistake.
10,Real or BarÃ§a?
10, years THATS real.
10,Now we know
10,I believe this is real all you guys are yapping if you think its fake
10,Is it real or fake
10,Its real...
10,all i know that sound is fake
10,"Fake. I know he&#;s good, but not that good. Nobody is."
10,The statu looks like kier starmer
10,It kinda looks like Jay Leno lol
10,I just see the still image of that ridiculous sculpture face on the YouTube thumbnails and start laughing every time I see it.
10,Statue looked like the face of Will Ferrel
10,"To be fair the real one isn&#;t as good either. Like, I would not say that it was ok. If it was me."
10,Super He and Her ğŸ‰ğŸ˜‚
10,Super show
10,She looks inbred
10,The interviewer looks like one of the backstreet boys ğŸ˜‚
10,"I am sorry too, David. Really I wanted to say sorry, too in your dm for laughing for it."
10,Well he knew but he didnâ€™t and wanted him to come so he asked and messed his head a little
10,"REAL RECOGNISES REAL!, ğŸ¯"
10,the wall didn&#;t even jump wtf
10,"@quatlewmeez
Nothing.  I was just letting you know (none of my business of course, but it was just so tempting...). Sorry."
10,He looks like sanji a little bit
10,Being so rich that stealing money becomes a joke! Lota people amazed in tgat sense.
10,Well i would be ashamed of being millionare and taking money from a random guys wallet
10,"Thats why I not only do not carry a wallet, I dont keep money in the wallet I hv yet do not carry"
10,Shall is the kind of role model our generation should be following not sausages like Andrew Tate
10,Lmao
10,Take all the money out and just throw em. ğŸ˜‚ğŸ˜‚ğŸ˜‚ğŸ˜‚
10,Justin looks like whereâ€™s Waldo ğŸ˜‚
10,And me i want the suprise
10,Thereâ€™s waldo!!
10,This Elen Degenerate is just ekelhaft
10,Wheres Waldo Beiber Style. Lol good guys
10,"Brooo, raâ€™s latest features have made betting so much cooler. tonightâ€™s match is going to be lit!"
10,"Yes bro, RA bets are the easiest and most fun . The interface is smooth and placing bets is a breeze. I&#;m ready for some action! Who&#;s with me?"
10,Just watching Finch on ra promos pumps me up to place smarter bets!
10,"Yes bro, RA bets are the easiest and most fun . The interface is smooth and placing bets is a breeze. I&#;m ready for some action! Who&#;s with me?"
10,Just watching Finch on ra promos pumps me up to place smarter bets!
10,"well, letÂ´s not forget Barcelona has been bribing referees for decades. Find Negreira case, now on courts."
10,Comparing Real Madrid to Barcelona is funnyğŸ˜‚ &gt;
10,She wanted the d
10,ğŸ˜‚ğŸ˜‚ğŸ˜‚ Keepinâ€™ it real!
10,"she looks so embarrassed, like shes broken"
10,Sheâ€™s was always rich.
10,He told her ğŸ˜‚
10,Young Beckham looks sorta like Jack Grealish ğŸ˜‚
10,Man pulled the sigma face before the sigma face knew it was the sigma face  
10,Reminds me of Garnacho or Grealish
10, he look like jack gearlish
10,in  he looked like Patrick Bateman
10,Should have gone out like Zidane
10,Grealish
10,is it just me or is it that old beckham looks like grealish
10,It&#;s Grealish!
10,Grealish
10,Is it only me or he really looks like jack grealish in the first  sec
10,the placement of the wall was atrocious but still a good goal
10,he didn&#;t raise the roof HE BLEW IT OFF!!!!!!!
10,the goalkeeper just looked at the bal
10,I Was Sacred When I Look Barthazal When You Walk Here Because You Know John Constantine Keanu Reeves
10,Why is it an unusual hobby?  And itâ€™s Lego not Legos.
10,Dam he gone ! NEXT ffs
10,He looked utterly gutted
10,In shoes aswell! Thats impressive
10,With know brain
10,Just be rich and you can do this too.
10,Like â¤ï¸ ğŸ‘
11,"<a href=""https://www.youtube.com/watch?v=oTpTVqJXho&amp;t="">:</a> Thatâ€™s a truly elegant goal, thatâ€™s the best way to describe it."
11,"<a href=""https://www.youtube.com/watch?v=oTpTVqJXho&amp;t="">:</a> Haaland?"
11,"<a href=""https://www.youtube.com/watch?v=oTpTVqJXho&amp;t="">:</a> Haaland"
11,"<a href=""https://www.youtube.com/watch?v=oTpTVqJXho&amp;t="">:</a> Haaland in ManCity ğŸ˜‚ Heâ€™s older than I expected"
11,"<a href=""https://www.youtube.com/watch?v=oTpTVqJXho&amp;t="">:</a> # last name ğŸ¤£ğŸ¤£ğŸ¤£"
11,"<a href=""https://www.youtube.com/watch?v=oTpTVqJXho&amp;t="">:</a>  Erling Haalandâ€™s father knocking down Scholes ğŸ˜¬ğŸ˜¬ğŸ˜¬"
11,"what is that kit at<a href=""https://www.youtube.com/watch?v=oTpTVqJXho&amp;t="">:</a>"
11,"<a href=""https://www.youtube.com/watch?v=oTpTVqJXho&amp;t="">:</a> haalandâ€™s dad ğŸ˜‚"
11,He literally always kicks it to the right of the goalie ğŸ˜‚
11,"<a href=""https://www.youtube.com/watch?v=oTpTVqJXho&amp;t="">:</a> very young wayne rooney flinching in the wall lol"
11,"<a href=""https://www.youtube.com/watch?v=oTpTVqJXho&amp;t="">:</a> Was he trying to score aiming the towel?"
11,"<a href=""https://www.youtube.com/watch?v=wFDSJuqgVk&amp;t="">:</a> &quot;you guys got honey..&quot; LOL"
11,"<a href=""https://www.youtube.com/watch?v=wFDSJuqgVk&amp;t="">:</a> the throw from Micah ğŸ˜‚ğŸ˜‚ğŸ¤£ğŸ¤£"
11,"<a href=""https://www.youtube.com/watch?v=wFDSJuqgVk&amp;t="">:</a> David Beckham gave the presents<br><a href=""https://www.youtube.com/watch?v=wFDSJuqgVk&amp;t="">:</a> Gift to Kate<br><a href=""https://www.youtube.com/watch?v=wFDSJuqgVk&amp;t="">:</a> DB&#;s sticky stuff for Big Meeks ğŸ˜‚ğŸ˜‚ğŸ˜‚"
11,kate with the accent switching ... daymmmmmmmm ... pure unadulterated cringe ğŸ˜‚
11,"<a href=""https://www.youtube.com/watch?v=wFDSJuqgVk&amp;t="">:</a> i dont fancy myself <br>I just deliver,ğŸ˜‚ğŸ˜‚ğŸ˜‚"
11,"<a href=""https://www.youtube.com/watch?v=igmUnkxfBw&amp;t="">:</a> the timing of the logo when Beckham bashes his chest."
11,"<a href=""https://www.youtube.com/watch?v=igmUnkxfBw&amp;t="">:</a> even David knows we are inevitable ğŸ¦…"
11,"DA BOMB <a href=""https://www.youtube.com/watch?v=igmUnkxfBw&amp;t="">:</a><br>!<br>!<br>!"
11,Bro was edited
11,"<a href=""https://www.youtube.com/watch?v=igmUnkxfBw&amp;t="">:</a> How genuine and warm. Class act. ğŸ’•ğŸ’•ğŸ¥°"
11,"<a href=""https://www.youtube.com/watch?v=igmUnkxfBw&amp;t="">:</a> <a href=""https://www.youtube.com/watch?v=igmUnkxfBw&amp;t="">:</a> these questions are PHENOMENAL!"
11,"<a href=""http://www.youtube.com/results?search_query=%britishgaymafia"">#BritishGayMafia</a>"
11,"Grande jogador <a href=""https://www.youtube.com/watch?v=IFRygBxmCZA&amp;t="">:</a>"
11,"Beckham best moves &amp; goals!!!!!<br>AI video<br><a href=""https://www.youtube.com/watch?v=OGrpmDjdrUA"">https://youtu.be/OGrpmDjdrUA</a>"
11,"Pause at <a href=""https://www.youtube.com/watch?v=lvRvmnYLU&amp;t="">:</a> and go frame by frame and you&#;ll see the nd ball magically re-appear on the right hand side (thanks Captain D!)"
11,"<a href=""https://www.youtube.com/watch?v=lvRvmnYLU&amp;t="">:</a> audio tampering, bro says &#;this is getting crazy&#; but they edit that out and put in &#;this is not happing&#; right after. Listen closely"
11,"Captain D fans here for <a href=""https://www.youtube.com/watch?v=lvRvmnYLU&amp;t="">:</a>, nd ball appears in sand"
11,"<a href=""https://www.youtube.com/watch?v=lvRvmnYLU&amp;t="">:</a> on the right, for the sudden appearance of the previously missed ball."
11,"At <a href=""https://www.youtube.com/watch?v=lvRvmnYLU&amp;t="">:</a>, if you go frame by frame, a ball magically appears on the right in the distance."
11,"Thank you for the official debunk Cpt D. <br><a href=""https://www.youtube.com/watch?v=oVWsbpdDxTg"">https://www.youtube.com/watch?v=oVWsbpdDxTg</a>"
11,"Now that CD debunked it, I wonder how people that said &quot;real&quot; is feeling:<br><a href=""https://www.youtube.com/watch?v=oVWsbpdDxTg"">https://www.youtube.com/watch?v=oVWsbpdDxTg&amp;ab_channel=CaptainDisillusion</a>"
11,"<a href=""https://www.youtube.com/watch?v=lvRvmnYLU&amp;t="">:</a> lmfao they forgot to paint out the ball that he missed on the right."
11,"<a href=""https://www.youtube.com/watch?v=bFEUJrSI&amp;t="">:</a> ğŸ˜‚"
11,"<a href=""https://www.youtube.com/watch?v=bFEUJrSI&amp;t="">:</a> Ron Perlman ??"
11,"<a href=""https://www.youtube.com/watch?v=bFEUJrSI&amp;t="">:</a> look at my ass ğŸ˜’ğŸ˜‚ğŸ¤£"
11,"<a href=""https://www.youtube.com/watch?v=bFEUJrSI&amp;t="">:</a> trying hard not to laugh ğŸ˜‚"
11,"<a href=""https://www.youtube.com/watch?v=bFEUJrSI&amp;t="">:</a>â€¦.if my kids were to see this theyâ€™d cry ğŸ¤£ğŸ¤£ğŸ¤£ğŸ¤­ğŸ¤­"
11,"<a href=""https://www.youtube.com/watch?v=bFEUJrSI&amp;t="">:</a> Becks is a legend! &quot;You probably done me a favour there!&quot;ğŸ˜‚ğŸ˜‚ğŸ˜‚ğŸ˜‚ğŸ˜‚"
11,"<a href=""https://www.youtube.com/watch?v=bFEUJrSI&amp;t="">:</a> Face of the forklift driver... xD"
11,"<a href=""https://www.youtube.com/watch?v=nUVNbJMWi_c&amp;t="">:</a> this is vietnamese police? omg"
11,Gross questioning -â€˜knocking one outâ€™
11,"<b>gasps</b> â€œBOLTNECK WAS A MASTERPIECE!!!â€ <b>David closes door</b> <a href=""https://www.youtube.com/watch?v=uxbQATBAXf&amp;t="">:</a> ğŸ¤£ğŸ¤£ğŸ¤£"
11,"<a href=""https://www.youtube.com/watch?v=uxbQATBAXf&amp;t="">:</a><br><br>&quot;HUAÃ†EEÃ†AUUGH&quot;ğŸ’€"
11,"<a href=""https://www.youtube.com/watch?v=uxbQATBAXf&amp;t="">:</a>"
11,"<a href=""https://www.youtube.com/watch?v=uxbQATBAXf&amp;t="">:</a>"
11,"<a href=""https://www.youtube.com/watch?v=uxbQATBAXf&amp;t="">:</a><br>Based on the ratings for Boltneck, David&#;s not wrong ğŸ˜‚ğŸ˜‚ğŸ˜‚ğŸ˜‚"
11,"<a href=""https://www.youtube.com/watch?v=uxbQATBAXf&amp;t="">:</a> <a href=""https://www.youtube.com/watch?v=uxbQATBAXf&amp;t="">:</a> <a href=""https://www.youtube.com/watch?v=uxbQATBAXf&amp;t="">:</a> <a href=""https://www.youtube.com/watch?v=uxbQATBAXf&amp;t="">:</a>"
11,"<a href=""https://www.youtube.com/watch?v=uxbQATBAXf&amp;t="">:</a> <a href=""https://www.youtube.com/watch?v=uxbQATBAXf&amp;t="">:</a> ğŸ˜‚ğŸ˜‚ğŸ˜‚ğŸ˜‚ğŸ˜‚ğŸ˜‚ğŸ˜‚ğŸ˜‚ğŸ˜‚"
11,"<a href=""https://www.youtube.com/watch?v=uxbQATBAXf&amp;t="">:</a> ğŸ˜‚"
11,"DEADPOOL RAP SONG <a href=""https://www.youtube.com/watch?v=_lebWo"">https://youtu.be/_lebWo?si=PfsXTnWungidPqZ</a>"
11,"<a href=""https://www.youtube.com/watch?v=uxbQATBAXf&amp;t="">:</a> I love the way his mask streches when he gasps ğŸ˜­"
11,"What was the name of the music <a href=""https://www.youtube.com/watch?v=uxbQATBAXf&amp;t="">:</a>"
11,"<a href=""https://www.youtube.com/watch?v=uxbQATBAXf&amp;t="">:</a> lmao"
11,"<a href=""https://www.youtube.com/watch?v=-EGDm_izAM&amp;t="">:</a> never seen this before had it gone in. It would be one of the crazy goal he scored"
11,"<a href=""https://www.youtube.com/watch?v=-EGDm_izAM&amp;t="">:</a> <a href=""https://www.youtube.com/watch?v=-EGDm_izAM&amp;t="">:</a>"
11,"<a href=""https://www.youtube.com/watch?v=-EGDm_izAM&amp;t="">:</a> for the bois"
11,So this is who Rin Itoshi is based off of
11,"<a href=""https://www.youtube.com/watch?v=dgsq-xUObQ&amp;t="">:</a> If you want to study the technique."
11,Father cringe
11,Cringe
11,FFFFascinating &amp; VACUOUS.
11,"<a href=""https://www.youtube.com/watch?v=RNjxjCeA&amp;t="">:</a> youre welcome"
11,"Ellen, uff <a href=""https://www.youtube.com/watch?v=RNjxjCeA&amp;t="">:</a> to <a href=""https://www.youtube.com/watch?v=RNjxjCeA&amp;t="">:</a> ğŸ˜‚"
11,"<a href=""https://www.youtube.com/watch?v=RNjxjCeA&amp;t="">:</a> the way Justin screamedğŸ˜†"
11,"<a href=""https://www.youtube.com/watch?v=RNjxjCeA&amp;t="">:</a>"
11,"<a href=""https://www.youtube.com/watch?v=RNjxjCeA&amp;t="">:</a> ..<br><br>HE IS AMAZING. <br>BELIEBER FOREVER"
11,"<a href=""https://www.youtube.com/watch?v=RNjxjCeA&amp;t="">:</a> my reaction  NO JB DON&#;T GO NO DON&#;T GO..<br>ğŸ˜‚ğŸ’šğŸ’š<br><br>BELIEBER FOREVER. <br>ANY OTHER BELIEBER HERE??"
11,"How to save minutes and  seconds from your whole life? â¡ï¸just press this <a href=""https://www.youtube.com/watch?v=RNjxjCeA&amp;t="">:</a>"
11,"<a href=""https://www.youtube.com/watch?v=zgDMyTvEk&amp;t="">:</a> - look at the death stare from Henry to Kate. Heâ€™s taken it so bad heâ€™s contemplating killing her. A crime of passion. Thierry has lost it."
11,"<a href=""https://www.youtube.com/watch?v=zgDMyTvEk&amp;t="">:</a> Kane plays for Finland"
11,"<a href=""https://www.youtube.com/watch?v=zgDMyTvEk&amp;t="">:</a> what a guy... Micah is pure goldğŸ™"
11,"<a href=""https://www.youtube.com/watch?v=zgDMyTvEk&amp;t="">:</a> whatâ€™d he say? ğŸ˜­"
11,"Why is Titi staring at Kate like that at <a href=""https://www.youtube.com/watch?v=zgDMyTvEk&amp;t="">:</a>? ğŸ‘€ğŸ˜‚"
11,"<a href=""https://www.youtube.com/watch?v=zgDMyTvEk&amp;t="">:</a> whatâ€™s up with Henry heâ€™s a strange cat"
11,"What did he say at <a href=""https://www.youtube.com/watch?v=zgDMyTvEk&amp;t="">:</a>?"
11,"<a href=""https://www.youtube.com/watch?v=zgDMyTvEk&amp;t="">:</a> what did he do?"
11,You forgot tottenhem
11,You forgot Tottenham
11,"<a href=""https://www.youtube.com/@AMGAMEINGAMG"">https://www.youtube.com/@AMGAMEINGAMG</a>"
11,Bro was Haaland one year
11,"Heskey <a href=""https://www.youtube.com/watch?v=tGESlaVNdE&amp;t="">:</a>"
11,"<a href=""https://www.youtube.com/watch?v=tGESlaVNdE&amp;t="">:</a> Heskey time"
11,against finland OOOOOO OOOO
11,"<a href=""https://www.youtube.com/watch?v=xxgimRwUk&amp;t="">:</a>  pausÃ©"
11,"AYOOO R CHLL  <a href=""https://www.youtube.com/watch?v=xxgimRwUk&amp;t="">:</a>"
11,"<a href=""https://www.youtube.com/watch?v=_aFUnBErsts&amp;t="">:</a>"
11,Literally
11,"<a href=""https://www.youtube.com/watch?v=_aFUnBErsts&amp;t="">:</a> ğŸ˜‚"
11,"<a href=""https://www.youtube.com/watch?v=_aFUnBErsts&amp;t="">:</a> that laugh!!"
11,Bro Iâ€™m renamed after him
11,Bro you gf digger
11,"BeautifulğŸ’šâ¤ï¸â¤ï¸ğŸ’™CongratulationğŸ˜ğŸ™<a href=""https://www.youtube.com/watch?v=DchzFDveBoo"">https://youtu.be/DchzFDveBoo?si=gzblXDOJQypkWM</a>"
12,When he runs to hold jamies hand that is fuckin hilarious
12,"If anyone can get the Spice Girls back together again, it&#;s him"
12,Ù‡Ø°Ù‡ Ù…Ø¹Ø¬Ø²Ø© Ø³Ø¯Ø¯ ÙƒØ§Ù„ØºÙˆÙ„Ù Ø§ÙØ¶Ù„
12,Ø¨ÙŠÙƒÙ‡Ø§Ù… Ø§ÙˆÙ‚Ù Ù‡Ø°Ù‡ Ø§Ù„Ø³Ø®Ø±ÙŠØ©
12,Itâ€™s CGI and been debunked.  Itâ€™s an ad for Pepsi.
12,Memories ğŸ˜‚
12,pepsi ğŸ˜‚
12,He didn&#;t get into all the spice girls.
12,Eeee Ã©poca boa...
12,Kesini Gara Gara Medy emang satbang tu orangğŸ˜‚ğŸ˜‚ğŸ˜‚ğŸ˜‚
12,That was hilarious.
12,Tu sais que tes une putain de lÃ©gende quand une lÃ©gende parle de toi comme sa
12,ëˆ„êµ¬ë„ ë‚  ë§‰ì§€ëª»í•´!! ì•Œë¦¬ìŠ¤íƒ€ ì¿µì¾… ì°ìœ¼ë¡œ ë¹¨ë¦¬ì˜¤ì…ˆ ê¼¼ to the í”„ to the ë¼ì¹´
12,ì•Œë ¤ì¤„ë•Œ ìˆ˜ê¸í•˜ê³  ë°°ìš°ëŠ”ê²ƒë„ ì„±ê³µí•˜ëŠ” ë¹„ë²•ì¤‘í•˜ë‚˜ì„ ê¼¼í”„ë¼ì¹´ ì•Œë ¤ì¤„ë•Œ ë¹¨ë¦¬ì˜¤ì…ˆ..
12,ë°”ëŒì²˜ëŸ¼ ì™”ë‹¤ê°€ ë¨¼ì§€ì²˜ëŸ¼ ì‚¬ë¼ì§€ëŠ” ì¸ìƒì¸ë° íƒœí’ê¸‰ ë°”ëŒ í™©ì‚¬ê¸‰ ë¨¼ì§€ëŠ” ë˜ì•¼ì§€ ê¼¼í”„ë¼ì¹´ ë¹¨ë¦¬ì™€ë¼
12,ë³´ì´ì§€ ì•ŠëŠ” ê²€ì´ ê°€ì¥ë¬´ì„œìš´ë²•! ëŒ€êµ­ë¯¼ì´ ì¸ì •í•œ ê¼¼í”„ë¼ì¹´ ã…‹ã…‹ã…‹
12,ì•„ë‹¤ë¥´ê³  ì–´ë‹¤ë¥´ê³  ê¼¼í”„ë¼ì¹´ ê°™ì´ ê°“ë²½í•œê³³ì—ì„œ ì¬ë¯¸ì™€ ë„íŒŒë¯¼ ëª¨ë‘ ì±™ê¸°ìêµ¬ì—¬
12,Sick. ğŸ˜ğŸ¤Ÿ
12,goalkeeper side????????
12,Justin had to go find his belt.
12,Justin you just scared ourself out there ğŸ˜‚ğŸ˜‚ LoooLLL
12,Justin Bieber is selling sno cones?
12,Justin Bieber!!!!!!  You are such a troublemaker how dare you scare a football superstar????
12,These show all about Bieber and Kardashian......these woman she is the same grope comite
12,he scared me too
12,Hehehe Heskey
12,Heskey!!!
12,Heskey ;)
12,heskey
12,HESKEY
12,bakit pinapasok pa bike sa loob dumi dumi ng bike
12,why is there a freemason symbol (compass and square) on the helicopter
12,The public funded the helicopter.
13,"Tech at ra is just reliable, makes betting feel like a fun game not a chore"
13,"Great at free kicks, but the quality and quantity of his open play goals is nothing compared to Steve Gerrard."
13,As if David lets his mom cut his hair. : /
13,"HEY HENRY SHOW YOUR RESPECT TO BECKHAM ,, DONT TROW SHIRT IN FRONT OF HIM !!!"
13,Feels like Henry doesn&#;t like Beckham pressence that much
13,Like most stella enjoyers they&#;re cracking open their first one at lunch
13,"smh. story was interesting and then cut, cut, cut."
13,All he cares about is Â£Â£Â£$$$
13,"Same old pratt, different hat."
13,"He is the epitome of a gentleman. Mad respect for him, his attitude, his contribution to soccer, and his unwavering desire to popularize the game in the US!"
13,So sad. He wouldve stayed with MU forever. It was his home.
13,"Just came to see what the other four goals were. <br><br>The pressure in the Beckham vs Greece game was unbelievable. The Greek keeper had an excellent game, but there was no way he was stopping that without  minutes notice."
13,If only played Beckham Scholes and Hargreaves and not Lampard and Gerrard who weren&#;t even important to there teams
13,I always support you until the end
13,Five goals five different hair jobs. Barbers must have made millions out of Beckham.
13,How a man can be gifted like that I&#;m so stupid
13,this is kinda mean :( i feel bad for becks
13,Dave it is
13,i would freak out ! thx dave!
13,â€œDave it is!â€ ğŸ˜‚
13,This never gets old ğŸ˜…ğŸ˜‚
13,"No problem, Dave ğŸ˜‚"
13,Does this mean Beckham is part of the MCU?
13,m-o-r-o-n-i-c. right up there for humor quality with Liberty Mutual or Progressive Insurance commercials
13,"I feel sorry for ryans wife whoever she is, the guy prolly roasts the living daylights out of her when he gets the chance ğŸ˜…"
13,Respect to Canada shirt
13,ğŸ˜‚ğŸ˜‚ lets see !
13,Beckham + Finisher = Goals
13,Beckham is unbelievable
13,&#;On the goal-keeper side&#; it&#;s called far post narb
13,Love the very English trot away after scoring. Well done old bean.
13,he always scores belters into portland
13,"â€œMom, book a plane to the hillsâ€ğŸ˜‚"
13,Food
13,Food
13,Food
13,"Beckham,pirlo,seedorf were destruction"
13,cro dns for greek funner
13,"That&#;s it , it was a Royce ğŸ˜‚"
13,"To people who donâ€™t understand, it wasnâ€™t her dadâ€™s rolls royce. Her dad was a driver.."
13,Why does this hair in  look like bale&#;s
13,So sadğŸ˜¢
13,why&#;s everyone&#;s hair like that?
13,Lavezzi messin&#; Dave&#;s hair. ğŸ˜‚
13,That&#;s so sadğŸ˜¢
13,Respect from a Greek.
13,"Celebrating in front of the Stretford End at Old Trafford, where he belongs."
13,@MrlloydCook Old Trafford
13,"@MrlloydCook Naw, old trafford"
13,@MrlloydCook :-: thats old trafford ;)
13,@MrlloydCook no Old Trafford
13,"@MrlloydCook no, old trafford i think, beckham has never scored at wembley"
13,@MrlloydCook no 
13,I Always Cut My Hair Like You Daddy...You Are My Icon LegendğŸ˜Šâ¤
13,Tbf it says + not  max. So Becks is old enough to play with Lego ğŸ˜‚
13,Respect ğŸ´ó §ó ¢ó ³ó £ó ´ó ¿
13,Respect!
13,"Prroper respect, unlike some so called celebs"
13,Gifted..
13,Royal
13,Bob Rae Canada
14,He is the goat of freekick takers
14,GOAT
14,The eyes would be the second worst? What are talking aboutğŸ˜‚
14,We need the goat ğŸ on this show <br>Messi is the goat ğŸ of courseğŸ˜…
14,The GOAT
14,One goat talking about another goat
14,OMG Iâ¤ HIM
14,Is that human?
14,omg
14,Cordon....what a knob!
14,Worst recommendation ever!!!
14,ë°ì´ë¹„ë“œ ë² ì»´ he is goat
14,It should have been Borat not Ali G interviewing them
14,Classic!
14,Disgusting
14,Ali G the supreme leaderğŸ˜‚
14,What&#;s the last movie after blade trinity? I can&#;t hear it.
14,well boltneck was a master pieceğŸ˜Š
14,Plastic face. His eyes are like button holes on a puppet. Did hexreally need his eyes done?
14,Complete sellout
14,Ğ—Ğ¸Ğ´Ğ°Ğ½ ÑĞ°Ğ¼Ñ‹Ğ¹ Ğ¼ĞµÑ€Ğ·ĞºĞ¸Ğ¹ Ğ¸Ğ³Ñ€Ğ¾Ğº ĞµĞ²ĞµÑ€
14,ê¼¼ní”„ ë¼nì¹´ ì†Œì‹ë“¤ì—ˆì–´ìš”? ì•ìœ¼ë¡œ ë¯¸ë˜ë¥¼ ì´ëŒì–´ê°ˆ ë ˆì „ë“œ ì˜¨ì¹´ë¼ê³  í•˜ë˜ë°ìš” ?
14,no one close to him? tf there are so many now
14,ë² ì»´ì—ê²Œ í‚¥ì„ í•  ê³µê°„ì´ ìˆì„ë•Œ ê³µê²©ìˆ˜ëŠ” ì•ìœ¼ë¡œ ë›°ê¸°ë§Œ í•˜ë©´ ê³µì€ ì•ìœ¼ë¡œ ì™€ìˆìŒ
14,Van Persie&#;s complete dribbling ğŸ™ğŸ½ğŸ¤²ğŸ¾
14,Sm gasha hisoblab toÊ»pni oshiradi bunday yulduz boshqa yoÊ»q supeeer futbolchi
14,Classic bender
14,okay shrek
14,"ĞĞµ Ğ¿Ğ¾Ğ½Ğ¸Ğ¼Ğ°Ñ, Ğ¿Ğ¾Ñ‡ĞµĞ¼Ñƒ Ğ¼Ğ½Ğ¾Ğ³Ğ¸Ğµ Ñ‚Ğ°Ğº Ğ²Ğ¾ÑÑ…Ğ¸Ñ‰Ğ°ÑÑ‚ÑÑ Ğ‘ÑĞºÑ…ĞµĞ¼Ğ¾Ğ¼, Ğ² Ğ½Ñ‘Ğ¼ Ğ½ĞµÑ‚ Ğ½Ğ¸Ñ‡ĞµĞ³Ğ¾ Ğ¾ÑĞ¾Ğ±ĞµĞ½Ğ½Ğ¾Ğ³Ğ¾. Ğ˜ÑĞºÑƒÑÑÑ‚Ğ²ĞµĞ½Ğ½Ğ¾ Ñ€Ğ°ÑĞºÑ€ÑƒÑ‡ĞµĞ½Ğ½Ñ‹Ğ¹ Ğ¸Ğ³Ñ€Ğ¾Ğº, Ğ½Ğµ Ğ±Ğ¾Ğ»ĞµĞµ Ñ‚Ğ¾Ğ³Ğ¾."
14,Ğ›Ğ°Ğ¹Ğº Ğ½Ğµ Ğ³Ğ»ÑĞ´Ñ!
14,RDâ¤
14,Worst commentary EVER for this goal!
14,Of course
14,"Sponsored by charity, yet the royals helicopters are sponsored by the taxpayers."
14,Why does this need to be funded by donations? Should be centrally funded.
15,British ğŸ
15,"Verifying my account with ra was a breeze, security questions were smart but easy"
15,Not yet but I saw thereâ€™s a loyalty program too. Earn points for playing and get exclusive rewards.
15,"It&#;s funny how he became so famous outside the pitch, that he somehow got underrated as a footballer"
15,"It blows my mind how many people (mostly the youths, probably because they were too young or not even born yet) who have forgotten/don&#;t know truly how amazing this man was. He wasn&#;t just a good looking guy. England has produced some truly great players, but during his prime he was arguably the greatest player playing in the world, at least top . He was a wizard when it came to taking free kicks, and he knew how to deliver the ball perfectly to a forward who had a little pace."
15,"And yet, he never won anything for his country."
15,"Aye, that happened... nothing scripted to be seen here.."
15,Micah would go on any show and deliver.. his just that needed auraâ¤ğŸ‰
15,"The man has no originality, heâ€™s just watched Clarksons farm and is now copying."
15,David is the sweetest man alive...!
15,beckham had some good questions as well
15,This man is beautiful â¤
15,Another good one.
15,I just have one question - what happened to the Stella pints?
15,"I would be very surprised if this guy has hater, man is just a pinnacle of what every man want to achieve â¤ğŸ‰"
15,Heâ€™s such a lovely man and a legendary player ! Cheers to the lads !
15,"The questions are always on point, amazing interview again!"
15,Such a decent man
15,Man... Come on...!!  Put some interest on soccer âš½.. Its a great game.. Btw I&#;m nobody..
15,Anyone know he piece of music playing on the montage of him taking corner kicks?
15,He showed up at my momâ€™s British shop TWICE this past week. He is the SWEETEST man alive. Love him!!
15,Bayern Munich should have won in 
15,Johan Cruijff. Greatest player ever.
15,"The man with ultimate composure. Calm, focused and ridiculously accurate."
15,So amazing!!!â¤â¤â¤
15,â€œGive that man a knighthoodâ€ ğŸ˜‚ğŸ˜‚ğŸ˜‚
15,He has got during altogether goals...maybe thÄ±s is  all....
15,In Europe they call it fÃ¹tball in America they call it Soccer. But in America they also have football. In Europe they spell it FÃ¹tball and in America they spell it Football.
15,strong player in sevens
15,Good guy
15,Amazing!
15,Love it when people come back to claim overrated comments
15,everyone already knew
15,I see green screen man
15,Absolutely freaking awesome what a football player top geezer ball straight in the bin
15,Canâ€™t stand Corden but this is funny ğŸ˜‚
15,The irony of showing a great man handling a terrible situation set up by a terrible man who canâ€™t handle his breakfast toast being over cooked.
15,Gotta say that was funny.ğŸ˜‚
15,Very cross but so polite. DAVE is a great guy. â¤ï¸ğŸ’™ CPFC not Man City..
15,No personality no sense of humour.<br>A real man with character sgd personality would have made jokes laugh or subtle jokes about it.<br>He took it down seriously.<br>You have to be a real eejit and egocentric fool to permit this whole statute event happening
15,So funny
15,"THE GREATEST PLAYER EVER??????Kid, u made me laugh"
15,Bananas straight to your door step
15,Amazing documentary â¤
15,"I watched this. It was pretty good. I can honestly say afterwards, F all of England on how they treated him after that red card!"
15,The  music  was amazing on top of that expansion on the relationship with feurgson and the red card was amazing
15,Wonderful documentary. I watched all episodes back to back.<br>He was a phenomenal footballer and worked hard to achieve.
15,Great documentary. What a talented man. Thanks for reminding me how much I despise the British media.
15,Becks is a good lad.
15,The guyâ€™s probably the blackest Tony Stark I have seen and heard
15,Vic is funny
15,British English is freaking atrocious
15,How disrespectful is this man asking those kinds of questions.    Shame on you.
15,The real question is whether she had already seen a picture of him and â€œknocked one out.â€
15,"Beautiful then, beautiful now."
15,It&#;s funny ğŸ˜‚ğŸ˜‚
15,RIPD was a good movie and so was the Green Lantern. Not sure why they are seen as flops
15,I can&#;t decide which of the two speaks at a higher pitch.
15,Extremely gay ğŸ˜Š
15,The most handsome... footballer ever...ğŸ‘Œ
15,When you are good you earn respect from othersğŸ‘ğŸ‘ğŸ‘ğŸ‘ğŸ‘ğŸ‘ğŸ‘ğŸ˜‡ğŸ˜‡ğŸ˜‡ğŸ‘ğŸ‘ğŸ‘
15,The emotions speaks alot.
15,tony et luka  LDC
15,"Cross,passing,vision and set piece...what else you expect from a player..underrated.."
15,Amazing!
15,"He was criminally underrated as a footballer because of his larger-than-life persona. However, he was one of the greatest midfielders in the history of the game."
15,"No one said he wasn&#;t good, he wasn&#;t great."
15,Is it physics or majic?
15,The guy is British.
15,@ all music
15,gay...
15,this man can convert any man into a gay anytime...
15,Funny guy!â¤
15,This guy such a lovely man
15,What an amazing guy!! ğŸ˜‚ğŸ˜‚ğŸ˜‚ğŸ˜‚ğŸ˜‚ğŸ˜‚ğŸ‰ğŸ‰ğŸ‰ğŸ‰ğŸ‰ğŸ‰ğŸ‰ğŸ‰
15,World s most beautiful women vic... No
15,Great personality â¤ğŸ˜‚
15,Good man â¤
15,Very good ğŸ˜‚
15,most handsome footballer
15,Very good player.
15,Successful in europe
15,Swinger
15,What a player he was
15,Micah is so jokes man
15,"People it is all planned and scripted, theyre just acting."
15,I think she just meant that her parents worked hard.. They worked hard obviously to be able to afford a RR. So she was still being honest
15,Thatâ€™s a healthy relationship
15,Good
15,He ended his career when i was born ğŸ˜®
15,"His crosses, no one can come close."
15,Guy looked so amazing in 
15,He is the most handsome greatest and extraordinary athletes ever in world â¤ï¸ğŸ˜ğŸ˜â™¥ï¸ğŸ’™
15,still gives me the chills 
15,"Give that man a knight hood
"
15,Give that man a knighthood! What kind of commentator says that?
15,GIVE THAT MAN A KNIGHTHOOD
15,lol give that man a knighthood!
15,GIVE THAT MAN A KNIGHTHOOD!
15,Massively underrated there is not a player who is still playing that can pass a ball as good as beckham
15,He&#;s not good he&#;s great ğŸ›
15,Very good player.
15,One of the greats but not Appreciated by his own country !!!
15,all fairness.....that should never have been an + set
15,isnt he just the sweetest?
15,Just love that man !
15,this man is aging so gracefully!
15,Vying for a knighthood
15,ğŸ‡¬ğŸ‡§ good lad david
15,What a legend and Iâ€™m a stoke fan truly amazing guy
15,Probs done his knighthood no harm.
15,what a nice decent man .
15,You are a good man David â¤
15,Ray Mack got hit in the back of his melonğŸ—£ï¸ğŸ—£ï¸ğŸ—£ï¸ğŸ—£ï¸ğŸ”¥ğŸ”¥ğŸ”¥ğŸ”¥
15,Are those red bottoms ğŸ˜®ğŸ˜®ğŸ˜®ğŸ˜®
15,So handsome
15,Truly a masterstrâ€”
15,"Woooooow, he SOOOO smart!!!!"
15, of the most handsome footballer in the world.genius mind
15,Itâ€™s just mind boggling.
15,one of the greatest or the greatest ?
15,Well done..this will save alot of lives..
15,Get that beard off now before your people rise up
15,British
15,Good
15,He is still striving for his Knighthood!
15,The man is great
16,"Never miss a game with RA, their site and app just never crash, so stable"
16,"Not yet, I&#;ve been glued to the cricket betting. There&#;s a match bonus for new games. Did you know"
16,Kinda crazy how he goes left EVERY TIME and goalies still donâ€™t anticipate it
16,"&quot;That was brilliant!, That was breathtaking!, THAT WAS BECKHAM!!"
16,Incredible shoot no given time to keeper
16,The time when Daivid was in MANU and RM .....it was best time to watch many legends ......
16,MY HERO!!ğŸ˜‚ğŸ˜‚ğŸ˜‚
16,Micah is like a kid seeing his hero
16,David&#;s sticky stuff ğŸ˜†
16,Yâ€™all noticing beckham doesnâ€™t even hold items anymore his entourage do it for him thatâ€™s crazy ğŸ˜‚ğŸ˜…ğŸ˜®
16,Micah was given sticky stuff i think he already had his own after that reaction to Beckham
16,Yet further evidence that David Beckham is one of the most iconic wingers of all time.
16,His OCD kicking in as he cleaned everything from time to time
16,Stella ğŸ‡§ğŸ‡ª
16,Stella Artois events? What were those?
16,"Even when it was difficult,  david Beckham was absolutely brilliant that season ğŸ‘"
16,Idol...
16,We share the same footballing heroâ€¦. Bryan â€˜Captain Marvelâ€™ Robson ğŸ‘ŒğŸ¼
16,I just can&#;t believe it and watching ğŸ˜‚â¤â¤â¤â¤Messi ğŸ
16,Futbol ve hayat eskiden GÃœZELDI
16,whos here from after watching the doc
16,Fella was brilliant
16,I donâ€™t know much about David Beckham but I think he was in his prime when he was bald.
16,Beckhamâ€™dan futbol ziyafeti
16,I can&#;t believe it
16,Captain Disillusion!
16,Who is here after watching Captain Disillusion debunk?
16,Captain Disillusioned a.k.a. DEBUNKED!
16,Thank you Captain DğŸ
16,Watching this in August ? Hit ğŸ‘
16,"Captain D, giving old videos new view count boosts since "
16,He Israel don&#;t trust him
16,Whos watching this in 
16,It is possible if you know the exact angle your supposed to shoot it at
16,They could&#;ve left it for Giroud.
16,"October , still watching"
16,There was time when Beckham was everywhere
16,We miss Indian sportss tooo...
16,I miss AliG
16,Elon Musk : Almost  million people watching!
16,I can guarantee that nobody who&#;s watching this has watched Boltneck ğŸ˜‚
16,Hindi naman nagaling yang beckham na yan eh..Puro porma lang yan..At wala naman award nakuha yan...
16,Legends
16,"Legends recognise legends, icons, respect icons"
16,Both legends â¤â¤
16,Beckâ€™s absolutely mugged off the MLS. Like playing against children. <br>How many times did he put it on a plate for Donovan and he fucked it up ğŸ¤£
16,I think Trent can do all these crosses and pass just like him. For me TAA is a masterclass!
16, inches bending left
16, inch bending left...   Beckham
16,"Hi world! 
Do you guys want to get free gift cards just by watching trailers about new apps, games, and movies? Then go to the app store and download ~~~app trailers~~~
After you do that, enter this bonus code ~~~appthiss~~~ 
You will get  points for entering my code.  points not dollars. The app is not a scam, but there are people that are trying to scam you by telling you that you will get like $, $, or $. They do that because they want you to use there code. You will also get "
16,Suddenly I miss Kobe
16,"Bro, i think raâ€™s new ads show their commitment to quality.  love seeing their dedication."
16,"The cricket vibes at ra are stronger with Finch, man. It&#;s like having a captain for our betting team!"
16,Finch&#;s partnership with ra? A perfect match. Brings credibility and loads of fun!
16,"Finch&#;s strategies on ra are spot on, bro. Betting on cricket just got a lot smarter!"
16,"Bro, i think raâ€™s new ads show their commitment to quality.  love seeing their dedication."
16,"Finch&#;s strategies on ra are spot on, bro. Betting on cricket just got a lot smarter!"
16,Beckham + Inzaghi. We&#;ve done !
16,Thank you ğŸ¤£ğŸ¤£
16,"If i get dropped off of a bicycle, what kinda class am i then?"
16,Bullsh*t Beckham is my new favorite meme
16,Time all holy force go to hail valleyğŸ˜Š
16,"The goalie doesn&#;t even move, he don&#;t know what&#;s hit him."
16,I miss Beckham so much :(Â 
16,Awe â¤
16,Beekeeping is his new hobby yassssssâ¤
16,Why donâ€™t we just use his shoesğŸ’€
16,You look like a million dollars.
16,Bending it like Beckham...
16,Thatâ€™s brilliant â¤
16,â¤Hero
16,Bravo! Beauty video share. â¤
16,Beckham has a perfume sold at Shoppers Drug Mart Miss Dior
16,Brilliant.well done to all involved
17,Oh nice! I was actually looking at their welcome bonus. It&#;s pretty generous. Got some extra cash to play with
17,"Ball english was always going to his left, goalies right. Just guard half the goal on those free kicks..."
17, UCL Winners And  UCL Dreamers ğŸ¤£ğŸ¤£ğŸ¤£
17,Becks is simply a boss! I&#;d vote for him to be king of england
17,King Henry and Becks then theres the other lot on the panelğŸ˜‚
17,F... Fischer! Becks was a GigaChad with the Be Honest moment!
17,"Here you realise why he never became a moviestar... His voice is just so soft and bright, and such a cheeky accent, that he could NEVER have played any cool roles. Despite him looking like Clint Eastwood."
17,"What a legend, the Greece goal actually made me cry watching it again. What a moment for an England supporter"
17,Thatâ€™s actually insane. You can see a ball magically appear to the right of the screen after the second ball is kicked and before the camera moves to frame the third shot.
17,Mermi atsan bu kadar dÃ¼zdÃ¼n vuramazsÄ±n aq adam aÄŸÄ±r niÅŸancÄ±
17,Exposing the pride of Becks
17,"Bu kadÄ±n gÃ¼ldÃ¼ÄŸÃ¼nde ve gÃ¼lÃ¼msediÄŸinde Ã§ok gÃ¼zeldi, gÃ¼lÃ¼msemediÄŸinde ise Ã§ok Ã§irkin ğŸ¤¦â€â™‚ï¸ bu Ã§ok ilginÃ§ ğŸ¤”"
17,Ripd is King
17,Rip foxğŸ˜‚
17,I can fell the moment
17,"They just didnt realise he scored a goal, they thought the ball had to go over the bar."
17,thers nothing you can do about that.
17,What a goal!
17,That is so strange
17,Bu videodan bile anlaÅŸÄ±lÄ±yor ki yakÄ±ÅŸÄ±klÄ± olmasa hiÃ§ bir ÅŸey deÄŸil
17,We should get micahs pants checked out after the show
17,Oh bless her ğŸ™
17,Tekky becks
18,Goals before I was born..Beckhamâ¤â¤
18,greatest of his generation.... â¤
18,Muahshahhhhhhhhhhh you ain&#;t never gonna heat DB...ahahahahhhhhh
18,You still smell lovely....Micah you fool ğŸ˜‚ğŸ˜‚ğŸ˜‚ğŸ˜‚
18,"Why DB doesnâ€™t want Micah and Carra to the show ? If cbs crew is important enough for DB to visit, the same must apply to the other way round."
18,Micah is a pure happy soul.. I always look forward to him talk ... So lovely ğŸ˜„ğŸ˜„ğŸ˜„ğŸ˜„ğŸ˜„
18,HE ALSO CHEATED ON HIS WIFE. SEND HIM TO NY FOR A TRIAL.
18,Holy shit! Bad Ass
18,Itâ€™s never gonna get oldğŸ˜‚ğŸ˜‚ğŸ˜‚ğŸ˜‚
18,"DB, LA Galaxy&#;s greatest ever player? Yr kidding aren&#;t you!"
18,Take ur Britisher ass and go home or else I will get you kicked to send you to Mexico
18,I appreciate u
18,cat type girl
18,She has a great sense of humor.
18,Posh % takes it up the ass ğŸ˜‚â¤
18,Becham and Zizou â€¦ there arenâ€™t such players anymore
18,KdB
18,Honesty and a sense of humor.  Two of his fine qualities. Shaq rocks!â¤
18,Shaq is truly a friend material
18,"Shaq has %  sense of humor, he is genius."
18,Who&#;s that girl ?
18,He stole the money talk about cruel
18,Shaq u r nothing but a big old Teddy Bearâ¤ğŸ˜‚â¤ğŸ˜‚â¤ğŸ˜‚â¤ğŸ˜‚â¤ğŸ˜‚â¤
18,The sense of humor in with this guyğŸ˜‚â¤â¤â¤
18,Shaqâ¤ğŸ˜˜
18,"AÃ­. era craque..tem meu respeito, e minha admiraÃ§Ã£o..."
18,@canihaveusername he plays for L.A Galaxy
18,@canihaveusername LA Galaxy
19,"Totally And if you&#;re into crash games, they have daily bonuses. I won some free plays yesterday"
19,As mentioned &quot;A goal you will see over and over again&quot; <br><br>Still seeing it after all these years ğŸ™‡â€â™‚ï¸
19,What Becks attempts sound like what Rogan does when he watches UFC with his pals.
19,"<b>&quot;You guys got honey, ha ha!&quot;</b><br>That&#;s why she&#;s the perfect fit."
19,BCFC mentioned ğŸ”µâšªï¸
19,I love the way Kate said &quot;ohhhh you guys got honey&quot;ğŸ˜‚ğŸ˜‚ğŸ˜‚ğŸ˜‚ğŸ˜‚low key
19,&quot;you guys got honey&quot;   Love Kate.  She&#;s the best!
19,"# Absolutely lovely interview! # how is Sean at &quot;Inter Miami&quot; (in Ft. Lauderdale), under studio lights, wearing a suede jacket, eating hot wings and NOT breaking a sweat?!?ğŸ¥µğŸ¥´ Either we just met AI generated &quot;Sean&quot; or Sean Evans is just THE G.O.A.T."
19,When beckham said &quot;you can.&quot; i believe him.
19,I havenâ€™t watched this show in a few years. Iâ€™m surprised the host is still doing this show after how many wings he has to eat. Iâ€™d be tired of it by now
19,&quot;I don&#;t know why my nose is on fire&quot; we litteraly watching him touching his nose x times after he grab the wings.
19,Iâ€™m not seeing what the hype is about with him
19,Congrats honeyğŸ’™ğŸ’™ğŸ˜‰
19, years ago was the ICONIC RETURN OF THE SPICE GIRLS TOUR. â¤â¤â¤
19,When they said to David about going to Qatar he said &quot; I thought that was a musical instrument!&quot;
19,Congrats babe and LeoğŸ’™ğŸ’™ğŸ˜ğŸ˜‰
19,Congratulations ğŸŠ ğŸ‘ ğŸ’
19,but messi is leaving inter miami next year
19,Congratulations inter miami ğŸ†ğŸ†ğŸ†
19,I always remember that Greece game because our rivals tried to banter us afterwards saying that we could only manage a draw against them and then two years later they went and won the euros ğŸ˜‚
19,did you guys realize the first one the commentator was talking just like in dls games?
19,Impossible to believe that the Greece goal was  years ago !!! It feels like yesterday !
19,The &#;it&#;s even easier&#; always gets me.  How is doing something  times easier than doing it once?  Even if it is the simplest task in the world like blinking your eyes.  Doing it  times can&#;t be &#;even easier&#; than doing it once.
19, years later watching at . speedğŸ˜‚ğŸ˜‚ &quot;Baallll&quot;
19,Hes got some vodka in his pepsiğŸ˜…
19,&quot;Dave it is&quot; ğŸ˜‚
19,Champions: Return To Arms as outfit she got on <br>ğŸ˜‚ğŸ˜‚ğŸ˜‚ i thought that was Blood Rayne
19,Here after &quot;Deadpool And Wolverine&quot; ğŸ—£ï¸ğŸ”Šâ€¼ï¸ğŸ”¥ğŸ”¥
19,Love coming back to this and seeing everyone saying &#;Ryan Reynolds IS Deadpool&#; and &quot;Hugh Jackman IS Wolverine&#; and now Deadpool and Wolverine are coming together.
19,"I would have been like Zizou, have been said to meâ¤â¤â¤"
19,Anyone else just get this randomly recommended for u  years later
19,Why he&#;s playing for major league shitheads?
19,Damn! haven&#;t seen a curve like this since my girlfriend&#;s...
19,Shaq still got some cash out the deal ğŸ¤£ğŸ¤£
19,Hes a gentle gaint â¤
19,You used the money for paper soupğŸ˜‚ğŸ˜‚ğŸ˜‚â¤ğŸ˜‚
19,&quot;soccer&quot;
19,he&#;s so fit
19,Kate said Humm ğŸ˜‚ğŸ˜…
19,&quot;Be honest&quot; ğŸ¤£ğŸ¤£ğŸ¤£ğŸ¤£
19,Very &quot;Posh&quot;
19,&quot;Thank you&quot;ğŸ˜‚ğŸ˜‚ğŸ˜‚
19,Kits back then ğŸ˜¢
19,And now he owns inter Miami
19,Is the commentator choking up?
19, years ago! Seems like this only happened yesterday
19,It was in  I remember
19,To irl wilson...what the commentator said was &quot;Give that man a knighthood&quot;....A knighthood in UK means a person can add the title &quot;Sir&quot; or &quot;Dame&quot; to their name.
19,"@luca 
 He says &quot;Give that man a knighthood&quot; But it does sound like item when you go back and listen to it :P"
19,I remember this goal like it was yesterday&lt;
19, Yearsâ¤
19,Congrats ğŸ‘ ğŸ‘ ğŸ‘ ğŸ‘ ğŸ‘
19,"ĞšĞ°Ğº Ñ€ÑƒÑÑĞºĞ¸Ğµ Ğ³Ğ¾Ğ²Ğ¾Ñ€ÑÑ‚ ,&quot;Ğ¢ĞĞ›ĞĞĞ¢ ĞĞ• ĞŸĞ ĞĞŸĞ¬Ğ•Ğ¨Ğ¬ &quot;,Ğ¾Ğ½ Ğ¾ÑÑ‚Ğ°Ğ½ĞµÑ‚ÑÑ Ğ½Ğ° Ğ²ÑÑ Ğ¶Ğ¸Ğ·Ğ½ÑŒ"
19,Inter miami  Al- Nassr  is that a boost enuf?
19,"Still, AL Nasser of KSA  is more valuable than Inter Miami"
19, mil paper valueğŸ˜‚
19,Perfect
19,H LADY DIANA Î ÎˆÎ˜Î‘ÎÎ• ÎˆÎ¤Î£Î™ ÎŸÎ Î©Î£ ÎˆÎ Î¡Î•Î Î• Î•ÎšÎ•ÎŠğŸ–•ğŸ–•ğŸ–•ğŸ–•ğŸ–•ğŸ–•ğŸ–•Î ÎŸÎ¥ ÎˆÎ Î¡Î•Î Î• Îœ&#;Î‘Î¥Î¤ÎŸÎ ğŸ–•ğŸ–•ğŸ–•ğŸ–•ğŸ–•ğŸ–•ğŸ–•ğŸ–•ğŸ–•Î ÎŸÎ¥ ÎˆÎ Î¡Î•Î Î• ÎšÎ‘Î™ Î¤Î‘ Î Î‘Î™Î”Î™Î† ğŸ‡¬ğŸ‡·ğŸ‡¬ğŸ‡·ğŸ‡¬ğŸ‡·ğŸ‡¬ğŸ‡·ğŸ‡¬ğŸ‡·ğŸ‡¬ğŸ‡·ğŸ‡¬ğŸ‡·ğŸ‡¬ğŸ‡·ğŸ‡¬ğŸ‡·ğŸ‡¬ğŸ‡·ğŸ‡¬ğŸ‡·ğŸ‡¬ğŸ‡·ğŸ‡¬ğŸ‡·ğŸ‡¬ğŸ‡·ğŸ‡¬ğŸ‡·ğŸ‡¬ğŸ‡·ğŸ‡¬ğŸ‡·ğŸ‡¬ğŸ‡·ğŸ‡¬ğŸ‡·ğŸ‡¬ğŸ‡·ğŸ‡¬ğŸ‡·ğŸ‡¬ğŸ‡·ğŸ‡¬ğŸ‡·ğŸ‡¬ğŸ‡·ğŸ‡¬ğŸ‡·ğŸ‡¬ğŸ‡·ğŸ‡¬ğŸ‡·ğŸ‡¬ğŸ‡·ğŸ‡¬ğŸ‡·ğŸ‡¬ğŸ‡·ğŸ‘‰Î¤Î—Î£ Î ÎŸÎ¤Îˆ Î’Î‘Î£Î™Î›Î™Î‘Î”Î•Î£ ğŸ–•ğŸ–•ğŸ–•ğŸ–•ğŸ–•ğŸ–•ğŸ–•ğŸ–•ğŸ–•ğŸ–•ÎšÎ©ÎÎ£Î¤Î‘ÎÎ¤Î™ÎÎŸÎ£ ÎŸ Î‘ğŸ–•ğŸ–•ğŸ–•ğŸ–•ğŸ–•ğŸ–•ğŸ–•Î Î¡Î™Î“ÎšÎ™Î Î‘Î£ Î‘ÎÎ”Î¡ÎˆÎ‘Î£ ğŸ–•ğŸ–•ğŸ–•ğŸ–•ğŸ–•ğŸ–•ğŸ–•Î£Î¤ÎŸÎ Î£Î‘Î“Î“Î‘Î¡Î™ÎŸ Î¤ÎŸ  Î‘ÎšÎ¡Î™Î’Î©Î£ Î ÎŸÎ™ÎŸÎ£ Î§Î¡Î¥Î£ÎŸÎ§ÎŸÎŸÎ£ ğŸ–•ğŸ–•ğŸ–•ğŸ–•ğŸ–•ğŸ–•ğŸ–•ğŸ–•ğŸ–•ÎˆÎšÎ‘ÎÎ• Î¤Î™Î£ Î’Î•Î¡Î•Î£ Î¤Î—Î£ Î˜Î•ÎŸÎ”Î©Î¡Î‘Î£ ğŸ–•ğŸ–•ğŸ–•ğŸ–•ğŸ–•ğŸ–•ğŸ–•ğŸ–•Î— Î‘Î“Î“Î›Î™ÎšÎ— ğŸ–•ğŸ–•ğŸ–•ğŸ–•ğŸ–•ğŸ–•ğŸ–•ğŸ–•Î›ÎŠÎ¡Î‘ Î¤Î—Î£ Î¤ÎŸÎ¥Î¡ÎšÎ™ÎšÎ—Î£ ğŸ–•ğŸ–•ğŸ–•ğŸ–•ğŸ–•ğŸ–•ğŸ–•ğŸ–•Î›Î™Î¡Î‘Î£ Î— Î•Î›Î›Î†Î”Î‘ Î¤ÎŸÎ¥  ğŸ‘‰Î‘ÎšÎ¡Î™Î’Î©Î£ Î£Î•Î Î¤Î•ÎœÎ’Î¡Î™ÎŸÎ¥ ÎœÎ• Î¤ÎŸ ÎÎ‘Î¤ÎŸ ğŸ–•ğŸ–•ğŸ–•ğŸ–•ğŸ–•ğŸ–•Î¤ÎŸ  Î‘ÎšÎ¡Î™Î’Î©Î£ Î¤Î‘ Î Î‰Î¡Î• ÎŒÎ›Î‘ Î ÎŠÎ£Î© Î¤ÎŸÎ Î£Î•Î Î¤ÎˆÎœÎ’Î¡Î™ÎŸ Î¤ÎŸÎ¥  ğŸ‘‰Î‘ÎšÎ¡Î™Î’Î©Î£
